-- phpMyAdmin SQL Dump
-- version 4.1.14
-- http://www.phpmyadmin.net
--
-- Client :  127.0.0.1
-- Généré le :  Ven 22 Juillet 2016 à 20:23
-- Version du serveur :  5.6.17
-- Version de PHP :  5.5.12

SET SQL_MODE = "NO_AUTO_VALUE_ON_ZERO";
SET time_zone = "+00:00";


/*!40101 SET @OLD_CHARACTER_SET_CLIENT=@@CHARACTER_SET_CLIENT */;
/*!40101 SET @OLD_CHARACTER_SET_RESULTS=@@CHARACTER_SET_RESULTS */;
/*!40101 SET @OLD_COLLATION_CONNECTION=@@COLLATION_CONNECTION */;
/*!40101 SET NAMES utf8 */;

--
-- Base de données :  `mk`
--

-- --------------------------------------------------------

--
-- Structure de la table `admin`
--

CREATE TABLE IF NOT EXISTS `admin` (
  `admin_id` int(11) unsigned NOT NULL AUTO_INCREMENT,
  `admin_user_key` varchar(1024) NOT NULL,
  `admin_user_pwd` varchar(512) NOT NULL,
  `admin_user_id` int(11) NOT NULL,
  PRIMARY KEY (`admin_id`)
) ENGINE=InnoDB  DEFAULT CHARSET=latin1 AUTO_INCREMENT=2 ;

--
-- Contenu de la table `admin`
--

INSERT INTO `admin` (`admin_id`, `admin_user_key`, `admin_user_pwd`, `admin_user_id`) VALUES
(1, 'Wqtp72Kjs8BNhq0j1MCOthPaucmECRssMa+hbrGYhFfZSr1g8r4AnQfnUEF4dHB3s7en7gpCoHq0S6tg2vmMLWa95frY68PEwkO3kmxP0pUAtJ9kxD4eoDRjXI9V/d09|1eKDbYFmTKTW/kZ+qG3sjZfIoniPbt/FCl2M+fBDVsU=', '5Boe1sIs1nt7uz6D6KULL8d7ha2mRUxdYLWq0hN1KaQ=', 67);

-- --------------------------------------------------------

--
-- Structure de la table `alert`
--

CREATE TABLE IF NOT EXISTS `alert` (
  `alert_id` int(11) unsigned NOT NULL AUTO_INCREMENT,
  PRIMARY KEY (`alert_id`)
) ENGINE=InnoDB DEFAULT CHARSET=latin1 AUTO_INCREMENT=1 ;

-- --------------------------------------------------------

--
-- Structure de la table `ban`
--

CREATE TABLE IF NOT EXISTS `ban` (
  `ban_id` int(11) unsigned NOT NULL AUTO_INCREMENT,
  `ban_user_id` int(11) NOT NULL,
  `ban_reason` varchar(512) NOT NULL,
  `ban_time` int(11) NOT NULL,
  `ban_end_time` int(11) NOT NULL,
  PRIMARY KEY (`ban_id`)
) ENGINE=InnoDB DEFAULT CHARSET=latin1 AUTO_INCREMENT=1 ;

-- --------------------------------------------------------

--
-- Structure de la table `building`
--

CREATE TABLE IF NOT EXISTS `building` (
  `building_id` int(12) unsigned NOT NULL AUTO_INCREMENT,
  `building_name` varchar(128) NOT NULL,
  `building_cost` int(12) NOT NULL,
  `building_id_need` int(12) NOT NULL,
  `building_gold_income` int(12) NOT NULL,
  `building_petrol_income` int(12) NOT NULL,
  `building_description` varchar(512) NOT NULL,
  PRIMARY KEY (`building_id`)
) ENGINE=InnoDB  DEFAULT CHARSET=latin1 AUTO_INCREMENT=6 ;

--
-- Contenu de la table `building`
--

INSERT INTO `building` (`building_id`, `building_name`, `building_cost`, `building_id_need`, `building_gold_income`, `building_petrol_income`, `building_description`) VALUES
(1, 'Forteresse', 5, 0, 0, 0, 'Permet de lancer 1 dé supplémentaire pour le défenseur s''il possède un nombre suffisant de troupe. '),
(2, 'Camp de préparation', 4, 0, 0, 0, 'Permet de lancer 1 dé supplémentaire pour l''attaquant s''il possède un nombre suffisant de troupe. '),
(3, 'Mine d''or', 8, 1, 3, 0, 'Exploitation de la ressource OR : gros avantage sur le revenu du joueur.'),
(4, 'Mine d''argent', 5, 2, 2, 0, 'Exploitation de la ressource OR : avantage sur le revenu du joueur.'),
(5, 'Mine de Bronze', 3, 3, 1, 0, 'Exploitation de la ressource OR : léger avantage sur le revenu du joueur.');

-- --------------------------------------------------------

--
-- Structure de la table `buy`
--

CREATE TABLE IF NOT EXISTS `buy` (
  `buy_id` int(11) unsigned NOT NULL AUTO_INCREMENT,
  `buy_user_id` int(11) NOT NULL,
  `buy_turn_id` int(11) NOT NULL,
  `buy_game_id` int(11) NOT NULL,
  `buy_units_nb` int(11) NOT NULL,
  `buy_build_id` int(11) NOT NULL,
  PRIMARY KEY (`buy_id`)
) ENGINE=InnoDB  DEFAULT CHARSET=latin1 AUTO_INCREMENT=661 ;

--
-- Contenu de la table `buy`
--

INSERT INTO `buy` (`buy_id`, `buy_user_id`, `buy_turn_id`, `buy_game_id`, `buy_units_nb`, `buy_build_id`) VALUES
(1, 214, 1, 1, 2, 0),
(2, 67, 2, 1, 2, 0),
(3, 213, 3, 1, 2, 0),
(4, 214, 4, 1, 2, 0),
(5, 67, 5, 1, 3, 0),
(6, 213, 6, 1, 2, 0),
(7, 214, 7, 1, 2, 0),
(8, 67, 8, 1, 4, 0),
(9, 213, 9, 1, 2, 0),
(10, 214, 10, 1, 2, 0),
(11, 214, 10, 1, 1, 0),
(12, 67, 11, 1, 4, 0),
(13, 213, 12, 1, 2, 0),
(14, 213, 12, 1, 1, 0),
(15, 214, 13, 1, 2, 0),
(16, 214, 13, 1, 1, 0),
(17, 214, 13, 1, 0, 0),
(18, 67, 14, 1, 2, 0),
(19, 213, 15, 1, 3, 0),
(20, 214, 16, 1, 2, 0),
(21, 214, 16, 1, 2, 0),
(22, 214, 16, 1, 1, 0),
(23, 67, 17, 1, 7, 0),
(24, 213, 18, 1, 1, 0),
(25, 213, 18, 1, 2, 0),
(26, 213, 18, 1, 1, 0),
(27, 214, 19, 1, 2, 0),
(28, 214, 19, 1, 3, 0),
(29, 214, 19, 1, 1, 0),
(30, 67, 20, 1, 8, 0),
(31, 213, 21, 1, 2, 0),
(32, 213, 21, 1, 1, 0),
(33, 214, 22, 1, 1, 0),
(34, 214, 22, 1, 1, 0),
(35, 214, 22, 1, 2, 0),
(36, 214, 22, 1, 1, 0),
(37, 214, 22, 1, 1, 0),
(38, 214, 22, 1, 0, 0),
(39, 67, 23, 1, 8, 0),
(40, 213, 24, 1, 4, 0),
(41, 213, 24, 1, 1, 0),
(42, 214, 25, 1, 1, 0),
(43, 214, 25, 1, 1, 0),
(44, 214, 25, 1, 6, 0),
(45, 214, 25, 1, 1, 0),
(46, 67, 26, 1, 9, 0),
(47, 213, 27, 1, 4, 0),
(48, 213, 27, 1, 2, 0),
(49, 214, 28, 1, 9, 0),
(50, 214, 28, 1, 1, 0),
(51, 230, 30, 6, 1, 0),
(52, 230, 30, 6, 1, 0),
(53, 227, 31, 6, 1, 0),
(54, 227, 31, 6, 1, 0),
(55, 226, 32, 6, 2, 0),
(56, 236, 33, 6, 2, 0),
(57, 229, 35, 6, 1, 0),
(58, 229, 35, 6, 1, 0),
(59, 226, 36, 6, 1, 0),
(60, 226, 36, 6, 1, 0),
(61, 227, 37, 6, 1, 0),
(62, 227, 37, 6, 1, 0),
(63, 235, 38, 6, 2, 0),
(64, 225, 39, 6, 1, 0),
(65, 225, 39, 6, 1, 0),
(66, 234, 40, 6, 2, 0),
(67, 228, 41, 6, 1, 0),
(68, 228, 41, 6, 1, 0),
(69, 230, 42, 6, 2, 0),
(70, 236, 43, 6, 2, 0),
(71, 228, 1, 6, 2, 0),
(72, 235, 2, 6, 1, 0),
(73, 235, 2, 6, 1, 0),
(74, 230, 4, 6, 2, 0),
(75, 226, 5, 6, 2, 0),
(76, 239, 8, 9, 1, 0),
(77, 239, 8, 9, 1, 0),
(78, 238, 10, 9, 1, 0),
(79, 238, 10, 9, 1, 0),
(80, 239, 11, 9, 2, 0),
(81, 238, 13, 9, 1, 0),
(82, 238, 13, 9, 1, 0),
(83, 239, 14, 9, 2, 0),
(84, 239, 14, 9, 1, 0),
(85, 238, 16, 9, 1, 0),
(86, 238, 16, 9, 2, 0),
(87, 239, 17, 9, 3, 0),
(88, 67, 18, 9, 8, 0),
(89, 238, 19, 9, 4, 0),
(90, 239, 20, 9, 2, 0),
(91, 239, 20, 9, 1, 0),
(92, 67, 21, 9, 2, 0),
(93, 238, 22, 9, 5, 0),
(94, 239, 23, 9, 2, 0),
(95, 239, 23, 9, 1, 0),
(96, 67, 24, 9, 2, 0),
(97, 238, 25, 9, 5, 0),
(98, 239, 26, 9, 3, 0),
(99, 238, 28, 9, 2, 0),
(100, 238, 28, 9, 3, 0),
(101, 239, 29, 9, 4, 0),
(102, 238, 31, 9, 6, 0),
(103, 239, 32, 9, 4, 0),
(104, 238, 34, 9, 6, 0),
(105, 239, 35, 9, 4, 0),
(106, 239, 35, 9, 1, 0),
(107, 238, 37, 9, 4, 0),
(108, 238, 37, 9, 2, 0),
(109, 239, 38, 9, 2, 0),
(110, 239, 38, 9, 2, 0),
(111, 239, 38, 9, 1, 0),
(112, 67, 39, 9, 10, 0),
(113, 238, 40, 9, 6, 0),
(114, 239, 41, 9, 4, 0),
(115, 239, 41, 9, 2, 0),
(116, 238, 43, 9, 3, 0),
(117, 238, 43, 9, 3, 0),
(118, 239, 44, 9, 2, 0),
(119, 239, 44, 9, 4, 0),
(120, 239, 44, 9, 2, 0),
(121, 238, 46, 9, 6, 0),
(122, 239, 47, 9, 3, 0),
(123, 239, 47, 9, 2, 0),
(124, 239, 47, 9, 2, 0),
(125, 239, 47, 9, 2, 0),
(126, 239, 47, 9, 1, 0),
(127, 238, 49, 9, 6, 0),
(128, 239, 50, 9, 1, 0),
(129, 239, 50, 9, 2, 0),
(130, 239, 50, 9, 5, 0),
(131, 239, 50, 9, 1, 0),
(132, 239, 50, 9, 1, 0),
(133, 239, 50, 9, 0, 0),
(134, 238, 52, 9, 7, 0),
(135, 239, 53, 9, 2, 0),
(136, 239, 53, 9, 2, 0),
(137, 239, 53, 9, 3, 0),
(138, 239, 53, 9, 1, 0),
(139, 239, 53, 9, 1, 0),
(140, 239, 53, 9, 1, 0),
(141, 239, 53, 9, 0, 0),
(142, 238, 55, 9, 8, 0),
(143, 239, 56, 9, 1, 0),
(144, 239, 56, 9, 2, 0),
(145, 239, 56, 9, 2, 0),
(146, 239, 56, 9, 1, 0),
(147, 239, 56, 9, 1, 0),
(148, 239, 56, 9, 1, 0),
(149, 239, 56, 9, 1, 0),
(150, 239, 56, 9, 1, 0),
(151, 239, 56, 9, 0, 0),
(152, 238, 58, 9, 9, 0),
(153, 239, 59, 9, 1, 0),
(154, 239, 59, 9, 1, 0),
(155, 239, 59, 9, 2, 0),
(156, 239, 59, 9, 2, 0),
(157, 239, 59, 9, 1, 0),
(158, 239, 59, 9, 1, 0),
(159, 239, 59, 9, 1, 0),
(160, 239, 59, 9, 1, 0),
(161, 239, 59, 9, 1, 0),
(162, 239, 59, 9, 1, 0),
(163, 239, 59, 9, 0, 0),
(164, 238, 61, 9, 3, 0),
(165, 238, 61, 9, 3, 0),
(166, 238, 61, 9, 2, 0),
(167, 238, 61, 9, 1, 0),
(168, 239, 62, 9, 1, 0),
(169, 239, 62, 9, 2, 0),
(170, 239, 62, 9, 1, 0),
(171, 239, 62, 9, 4, 0),
(172, 239, 62, 9, 1, 0),
(173, 239, 62, 9, 1, 0),
(174, 239, 62, 9, 1, 0),
(175, 239, 62, 9, 1, 0),
(176, 239, 62, 9, 1, 0),
(177, 239, 62, 9, 1, 0),
(178, 239, 62, 9, 1, 0),
(179, 238, 64, 9, 4, 0),
(180, 238, 64, 9, 2, 0),
(181, 238, 64, 9, 1, 0),
(182, 238, 64, 9, 1, 0),
(183, 238, 64, 9, 0, 0),
(184, 239, 65, 9, 1, 0),
(185, 239, 65, 9, 2, 0),
(186, 239, 65, 9, 8, 0),
(187, 239, 65, 9, 1, 0),
(188, 239, 65, 9, 1, 0),
(189, 239, 65, 9, 1, 0),
(190, 239, 65, 9, 1, 0),
(191, 239, 65, 9, 1, 0),
(192, 239, 65, 9, 1, 0),
(193, 239, 65, 9, 1, 0),
(194, 238, 67, 9, 2, 0),
(195, 238, 67, 9, 2, 0),
(196, 238, 67, 9, 1, 0),
(197, 238, 67, 9, 4, 0),
(198, 239, 68, 9, 8, 0),
(199, 239, 68, 9, 3, 0),
(200, 239, 68, 9, 3, 0),
(201, 239, 68, 9, 1, 0),
(202, 239, 68, 9, 1, 0),
(203, 239, 68, 9, 1, 0),
(204, 239, 68, 9, 1, 0),
(205, 239, 68, 9, 1, 0),
(206, 239, 68, 9, 1, 0),
(207, 239, 68, 9, 0, 0),
(208, 67, 69, 9, 20, 0),
(209, 238, 70, 9, 10, 0),
(210, 239, 71, 9, 1, 0),
(211, 239, 71, 9, 8, 0),
(212, 239, 71, 9, 6, 0),
(213, 239, 71, 9, 6, 0),
(214, 239, 71, 9, 1, 0),
(215, 239, 71, 9, 0, 0),
(216, 238, 73, 9, 10, 0),
(217, 239, 74, 9, 1, 0),
(218, 239, 74, 9, 1, 0),
(219, 239, 74, 9, 3, 0),
(220, 239, 74, 9, 2, 0),
(221, 239, 74, 9, 8, 0),
(222, 239, 74, 9, 2, 0),
(223, 239, 74, 9, 1, 0),
(224, 239, 74, 9, 1, 0),
(225, 239, 74, 9, 1, 0),
(226, 239, 74, 9, 1, 0),
(227, 239, 74, 9, 1, 0),
(228, 239, 74, 9, 0, 0),
(229, 238, 76, 9, 10, 0),
(230, 239, 77, 9, 2, 0),
(231, 239, 77, 9, 1, 0),
(232, 239, 77, 9, 4, 0),
(233, 239, 77, 9, 1, 0),
(234, 239, 77, 9, 1, 0),
(235, 239, 77, 9, 1, 0),
(236, 239, 77, 9, 1, 0),
(237, 239, 77, 9, 1, 0),
(238, 239, 77, 9, 1, 0),
(239, 239, 77, 9, 1, 0),
(240, 239, 77, 9, 1, 0),
(241, 239, 77, 9, 1, 0),
(242, 239, 77, 9, 1, 0),
(243, 239, 77, 9, 0, 0),
(244, 238, 79, 9, 8, 0),
(245, 239, 80, 9, 1, 0),
(246, 239, 80, 9, 4, 0),
(247, 239, 80, 9, 2, 0),
(248, 239, 80, 9, 2, 0),
(249, 239, 80, 9, 6, 0),
(250, 239, 80, 9, 2, 0),
(251, 239, 80, 9, 1, 0),
(252, 239, 80, 9, 1, 0),
(253, 239, 80, 9, 1, 0),
(254, 239, 80, 9, 1, 0),
(255, 239, 80, 9, 1, 0),
(256, 239, 80, 9, 1, 0),
(257, 239, 80, 9, 1, 0),
(258, 239, 80, 9, 0, 0),
(259, 238, 82, 9, 2, 0),
(260, 238, 82, 9, 6, 0),
(261, 239, 83, 9, 1, 0),
(262, 239, 83, 9, 1, 0),
(263, 239, 83, 9, 2, 0),
(264, 239, 83, 9, 2, 0),
(265, 239, 83, 9, 2, 0),
(266, 239, 83, 9, 1, 0),
(267, 239, 83, 9, 1, 0),
(268, 239, 83, 9, 1, 0),
(269, 239, 83, 9, 1, 0),
(270, 239, 83, 9, 1, 0),
(271, 239, 83, 9, 1, 0),
(272, 239, 83, 9, 1, 0),
(273, 239, 83, 9, 1, 0),
(274, 239, 83, 9, 1, 0),
(275, 239, 83, 9, 1, 0),
(276, 239, 83, 9, 1, 0),
(277, 238, 85, 9, 6, 0),
(278, 239, 86, 9, 22, 0),
(279, 239, 86, 9, 1, 0),
(280, 239, 86, 9, 3, 0),
(281, 239, 86, 9, 2, 0),
(282, 238, 88, 9, 5, 0),
(283, 239, 89, 9, 15, 0),
(284, 239, 89, 9, 2, 0),
(285, 239, 89, 9, 3, 0),
(286, 239, 89, 9, 3, 0),
(287, 239, 89, 9, 2, 0),
(288, 239, 89, 9, 2, 0),
(289, 239, 89, 9, 3, 0),
(290, 238, 91, 9, 5, 0),
(291, 239, 92, 9, 3, 0),
(292, 239, 92, 9, 6, 0),
(293, 239, 92, 9, 3, 0),
(294, 239, 92, 9, 2, 0),
(295, 239, 92, 9, 2, 0),
(296, 239, 92, 9, 3, 0),
(297, 239, 92, 9, 5, 0),
(298, 239, 92, 9, 1, 0),
(299, 239, 92, 9, 3, 0),
(300, 239, 92, 9, 1, 0),
(301, 239, 92, 9, 1, 0),
(302, 239, 92, 9, 0, 0),
(303, 240, 94, 10, 2, 0),
(304, 242, 95, 10, 2, 0),
(305, 241, 98, 10, 1, 0),
(306, 241, 98, 10, 1, 0),
(307, 240, 99, 10, 2, 0),
(308, 242, 100, 10, 2, 0),
(309, 241, 103, 10, 1, 0),
(310, 241, 103, 10, 1, 0),
(311, 240, 104, 10, 1, 0),
(312, 240, 104, 10, 1, 0),
(313, 242, 105, 10, 2, 0),
(314, 241, 108, 10, 1, 0),
(315, 241, 108, 10, 1, 0),
(316, 241, 108, 10, 1, 0),
(317, 240, 109, 10, 1, 0),
(318, 240, 109, 10, 2, 0),
(319, 242, 110, 10, 2, 0),
(320, 241, 113, 10, 3, 0),
(321, 241, 113, 10, 1, 0),
(322, 240, 114, 10, 2, 0),
(323, 240, 114, 10, 1, 0),
(324, 240, 114, 10, 0, 0),
(325, 242, 115, 10, 2, 0),
(326, 67, 116, 10, 10, 0),
(327, 77, 117, 10, 10, 0),
(328, 241, 118, 10, 3, 0),
(329, 241, 118, 10, 2, 0),
(330, 240, 119, 10, 5, 0),
(331, 242, 120, 10, 2, 0),
(332, 241, 123, 10, 3, 0),
(333, 241, 123, 10, 1, 0),
(334, 241, 123, 10, 0, 0),
(335, 240, 124, 10, 4, 0),
(336, 240, 124, 10, 1, 0),
(337, 242, 125, 10, 2, 0),
(338, 241, 128, 10, 1, 0),
(339, 241, 128, 10, 2, 0),
(340, 241, 128, 10, 1, 0),
(341, 241, 128, 10, 1, 0),
(342, 240, 129, 10, 1, 0),
(343, 240, 129, 10, 4, 0),
(344, 240, 129, 10, 1, 0),
(345, 242, 130, 10, 2, 0),
(346, 241, 133, 10, 4, 0),
(347, 241, 133, 10, 1, 0),
(348, 241, 133, 10, 1, 0),
(349, 240, 134, 10, 2, 0),
(350, 240, 134, 10, 1, 0),
(351, 240, 134, 10, 1, 0),
(352, 240, 134, 10, 2, 0),
(353, 240, 134, 10, 1, 0),
(354, 242, 135, 10, 3, 0),
(355, 241, 138, 10, 6, 0),
(356, 241, 138, 10, 1, 0),
(357, 241, 138, 10, 1, 0),
(358, 241, 138, 10, 0, 0),
(359, 240, 139, 10, 9, 0),
(360, 240, 139, 10, 1, 0),
(361, 242, 140, 10, 2, 0),
(362, 242, 140, 10, 1, 0),
(363, 241, 143, 10, 1, 0),
(364, 241, 143, 10, 1, 0),
(365, 241, 143, 10, 4, 0),
(366, 241, 143, 10, 1, 0),
(367, 241, 143, 10, 1, 0),
(368, 241, 143, 10, 0, 0),
(369, 240, 144, 10, 6, 0),
(370, 240, 144, 10, 2, 0),
(371, 240, 144, 10, 2, 0),
(372, 240, 144, 10, 2, 0),
(373, 242, 145, 10, 2, 0),
(374, 242, 145, 10, 1, 0),
(375, 67, 148, 11, 2, 0),
(376, 243, 149, 11, 2, 0),
(377, 67, 150, 11, 2, 0),
(378, 243, 151, 11, 2, 0),
(379, 67, 152, 11, 2, 0),
(380, 243, 153, 11, 2, 0),
(381, 67, 154, 11, 2, 0),
(382, 243, 155, 11, 2, 0),
(383, 67, 156, 11, 2, 0),
(384, 243, 157, 11, 3, 0),
(385, 67, 158, 11, 3, 0),
(386, 243, 159, 11, 4, 0),
(387, 67, 160, 11, 3, 0),
(388, 243, 161, 11, 4, 0),
(389, 67, 162, 11, 3, 0),
(390, 243, 163, 11, 5, 0),
(391, 67, 164, 11, 4, 0),
(392, 243, 165, 11, 6, 0),
(393, 67, 166, 11, 5, 0),
(394, 243, 167, 11, 7, 0),
(395, 67, 168, 11, 4, 0),
(396, 67, 168, 11, 2, 0),
(397, 67, 170, 11, 3, 0),
(398, 67, 170, 11, 4, 0),
(399, 243, 171, 11, 6, 0),
(400, 243, 173, 11, 13, 0),
(401, 67, 174, 11, 6, 0),
(402, 243, 175, 11, 19, 0),
(403, 243, 177, 11, 14, 0),
(404, 67, 178, 11, 13, 0),
(405, 243, 179, 11, 4, 0),
(406, 243, 179, 11, 9, 0),
(407, 67, 180, 11, 7, 0),
(408, 67, 180, 11, 3, 0),
(409, 67, 180, 11, 2, 0),
(410, 243, 181, 11, 9, 0),
(411, 243, 181, 11, 4, 0),
(412, 67, 182, 11, 20, 0),
(413, 243, 183, 11, 14, 0),
(414, 67, 184, 11, 10, 0),
(415, 67, 184, 11, 11, 0),
(416, 243, 185, 11, 18, 0),
(417, 67, 186, 11, 21, 0),
(418, 243, 187, 11, 8, 0),
(419, 243, 187, 11, 10, 0),
(420, 67, 188, 11, 17, 0),
(421, 243, 189, 11, 8, 0),
(422, 243, 189, 11, 11, 0),
(423, 67, 190, 11, 10, 0),
(424, 67, 190, 11, 6, 0),
(425, 243, 191, 11, 7, 0),
(426, 67, 192, 11, 10, 0),
(427, 67, 192, 11, 17, 0),
(428, 243, 193, 11, 34, 0),
(429, 67, 194, 11, 15, 0),
(430, 67, 194, 11, 10, 0),
(431, 67, 194, 11, 4, 0),
(432, 243, 195, 11, 13, 0),
(433, 67, 196, 11, 10, 0),
(434, 67, 196, 11, 4, 0),
(435, 67, 196, 11, 1, 0),
(436, 67, 196, 11, 1, 0),
(437, 67, 196, 11, 1, 0),
(438, 67, 196, 11, 4, 0),
(439, 243, 197, 11, 4, 0),
(440, 243, 197, 11, 8, 0),
(441, 243, 197, 11, 6, 0),
(442, 67, 198, 11, 20, 0),
(443, 67, 198, 11, 2, 0),
(444, 67, 198, 11, 2, 0),
(445, 67, 198, 11, 2, 0),
(446, 243, 199, 11, 8, 0),
(447, 243, 199, 11, 6, 0),
(448, 67, 200, 11, 32, 0),
(449, 243, 202, 12, 2, 0),
(450, 67, 203, 12, 2, 0),
(451, 243, 204, 12, 2, 0),
(452, 67, 205, 12, 2, 0),
(453, 243, 206, 12, 3, 0),
(454, 67, 207, 12, 2, 0),
(455, 243, 208, 12, 3, 0),
(456, 67, 209, 12, 2, 0),
(457, 243, 210, 12, 4, 0),
(458, 67, 211, 12, 2, 0),
(459, 67, 213, 12, 3, 0),
(460, 243, 214, 12, 2, 0),
(461, 67, 215, 12, 4, 0),
(462, 243, 216, 12, 7, 0),
(463, 243, 216, 12, 3, 0),
(464, 67, 217, 12, 3, 0),
(465, 243, 218, 12, 7, 0),
(466, 243, 220, 12, 10, 0),
(467, 67, 221, 12, 9, 0),
(468, 243, 222, 12, 11, 0),
(469, 67, 223, 12, 3, 0),
(470, 243, 224, 12, 13, 0),
(471, 67, 225, 12, 4, 0),
(472, 243, 226, 12, 10, 0),
(473, 67, 227, 12, 3, 0),
(474, 243, 228, 12, 22, 0),
(475, 67, 229, 12, 2, 0),
(476, 243, 230, 12, 19, 0),
(477, 245, 233, 13, 1, 0),
(478, 245, 233, 13, 1, 0),
(479, 247, 234, 13, 2, 0),
(480, 244, 236, 13, 2, 0),
(481, 246, 237, 13, 1, 0),
(482, 246, 237, 13, 1, 0),
(483, 245, 238, 13, 2, 0),
(484, 247, 239, 13, 2, 0),
(485, 244, 241, 13, 2, 0),
(486, 246, 242, 13, 2, 0),
(487, 245, 243, 13, 2, 0),
(488, 245, 243, 13, 1, 0),
(489, 247, 244, 13, 2, 0),
(490, 244, 246, 13, 1, 0),
(491, 244, 246, 13, 1, 0),
(492, 246, 247, 13, 3, 0),
(493, 245, 248, 13, 2, 0),
(494, 245, 248, 13, 2, 0),
(495, 247, 249, 13, 2, 0),
(496, 244, 251, 13, 1, 0),
(497, 244, 251, 13, 2, 0),
(498, 246, 252, 13, 2, 0),
(499, 246, 252, 13, 0, 0),
(500, 245, 253, 13, 2, 0),
(501, 245, 253, 13, 2, 0),
(502, 245, 253, 13, 1, 0),
(503, 247, 254, 13, 2, 0),
(504, 244, 256, 13, 4, 0),
(505, 246, 257, 13, 2, 0),
(506, 246, 257, 13, 1, 0),
(507, 245, 258, 13, 2, 0),
(508, 245, 258, 13, 2, 0),
(509, 245, 258, 13, 1, 0),
(510, 247, 259, 13, 2, 0),
(511, 244, 261, 13, 4, 0),
(512, 244, 261, 13, 1, 0),
(513, 246, 262, 13, 2, 0),
(514, 246, 262, 13, 0, 0),
(515, 245, 263, 13, 2, 0),
(516, 245, 263, 13, 4, 0),
(517, 245, 263, 13, 1, 0),
(518, 247, 264, 13, 2, 0),
(519, 244, 266, 13, 4, 0),
(520, 244, 266, 13, 1, 0),
(521, 246, 267, 13, 2, 0),
(522, 246, 267, 13, 2, 0),
(523, 245, 268, 13, 4, 0),
(524, 245, 268, 13, 1, 0),
(525, 245, 268, 13, 2, 0),
(526, 247, 269, 13, 2, 0),
(527, 247, 269, 13, 1, 0),
(528, 67, 270, 13, 16, 0),
(529, 244, 271, 13, 1, 0),
(530, 244, 271, 13, 4, 0),
(531, 246, 272, 13, 4, 0),
(532, 245, 273, 13, 3, 0),
(533, 245, 273, 13, 1, 0),
(534, 245, 273, 13, 3, 0),
(535, 245, 273, 13, 1, 0),
(536, 247, 274, 13, 2, 0),
(537, 247, 274, 13, 1, 0),
(538, 244, 276, 13, 2, 0),
(539, 244, 276, 13, 2, 0),
(540, 244, 276, 13, 2, 0),
(541, 246, 277, 13, 6, 0),
(542, 245, 278, 13, 2, 0),
(543, 245, 278, 13, 2, 0),
(544, 245, 278, 13, 2, 0),
(545, 245, 278, 13, 3, 0),
(546, 247, 279, 13, 2, 0),
(547, 247, 279, 13, 0, 0),
(548, 244, 281, 13, 6, 0),
(549, 246, 282, 13, 6, 0),
(550, 245, 283, 13, 1, 0),
(551, 245, 283, 13, 2, 0),
(552, 245, 283, 13, 7, 0),
(553, 247, 284, 13, 2, 0),
(554, 247, 284, 13, 0, 0),
(555, 244, 286, 13, 3, 0),
(556, 244, 286, 13, 5, 0),
(557, 246, 287, 13, 6, 0),
(558, 245, 288, 13, 4, 0),
(559, 245, 288, 13, 4, 0),
(560, 245, 288, 13, 2, 0),
(561, 245, 288, 13, 2, 0),
(562, 247, 289, 13, 3, 0),
(563, 244, 291, 13, 3, 0),
(564, 244, 291, 13, 2, 0),
(565, 244, 291, 13, 2, 0),
(566, 244, 291, 13, 2, 0),
(567, 246, 292, 13, 7, 0),
(568, 245, 293, 13, 1, 0),
(569, 245, 293, 13, 1, 0),
(570, 245, 293, 13, 1, 0),
(571, 245, 293, 13, 4, 0),
(572, 245, 293, 13, 6, 0),
(573, 247, 294, 13, 2, 0),
(574, 247, 294, 13, 1, 0),
(575, 244, 296, 13, 2, 0),
(576, 244, 296, 13, 2, 0),
(577, 244, 296, 13, 2, 0),
(578, 244, 296, 13, 2, 0),
(579, 244, 296, 13, 1, 0),
(580, 246, 297, 13, 6, 0),
(581, 246, 297, 13, 1, 0),
(582, 245, 298, 13, 2, 0),
(583, 245, 298, 13, 1, 0),
(584, 245, 298, 13, 5, 0),
(585, 245, 298, 13, 1, 0),
(586, 245, 298, 13, 4, 0),
(587, 245, 298, 13, 2, 0),
(588, 245, 298, 13, 1, 0),
(589, 247, 299, 13, 2, 0),
(590, 244, 301, 13, 4, 0),
(591, 244, 301, 13, 2, 0),
(592, 244, 301, 13, 3, 0),
(593, 244, 301, 13, 2, 0),
(594, 244, 301, 13, 1, 0),
(595, 246, 302, 13, 2, 0),
(596, 246, 302, 13, 5, 0),
(597, 245, 303, 13, 2, 0),
(598, 245, 303, 13, 2, 0),
(599, 245, 303, 13, 3, 0),
(600, 245, 303, 13, 2, 0),
(601, 245, 303, 13, 4, 0),
(602, 245, 303, 13, 2, 0),
(603, 245, 303, 13, 2, 0),
(604, 245, 303, 13, 1, 0),
(605, 247, 304, 13, 2, 0),
(606, 67, 305, 13, 14, 0),
(607, 244, 306, 13, 1, 0),
(608, 244, 306, 13, 1, 0),
(609, 244, 306, 13, 1, 0),
(610, 244, 306, 13, 1, 0),
(611, 244, 306, 13, 3, 0),
(612, 244, 306, 13, 5, 0),
(613, 246, 307, 13, 7, 0),
(614, 245, 308, 13, 2, 0),
(615, 245, 308, 13, 4, 0),
(616, 245, 308, 13, 2, 0),
(617, 245, 308, 13, 1, 0),
(618, 245, 308, 13, 1, 0),
(619, 245, 308, 13, 3, 0),
(620, 245, 308, 13, 2, 0),
(621, 245, 308, 13, 1, 0),
(622, 245, 308, 13, 2, 0),
(623, 245, 308, 13, 1, 0),
(624, 247, 309, 13, 2, 0),
(625, 244, 311, 13, 4, 0),
(626, 244, 311, 13, 2, 0),
(627, 244, 311, 13, 2, 0),
(628, 244, 311, 13, 3, 0),
(629, 244, 311, 13, 1, 0),
(630, 246, 312, 13, 4, 0),
(631, 246, 312, 13, 4, 0),
(632, 245, 313, 13, 2, 0),
(633, 245, 313, 13, 2, 0),
(634, 245, 313, 13, 2, 0),
(635, 245, 313, 13, 1, 0),
(636, 245, 313, 13, 1, 0),
(637, 245, 313, 13, 3, 0),
(638, 245, 313, 13, 1, 0),
(639, 245, 313, 13, 1, 0),
(640, 245, 313, 13, 4, 0),
(641, 245, 313, 13, 4, 0),
(642, 247, 314, 13, 2, 0),
(643, 244, 316, 13, 2, 0),
(644, 244, 316, 13, 2, 0),
(645, 244, 316, 13, 2, 0),
(646, 244, 316, 13, 1, 0),
(647, 244, 316, 13, 2, 0),
(648, 244, 316, 13, 5, 0),
(649, 246, 317, 13, 5, 0),
(650, 246, 317, 13, 2, 0),
(651, 245, 318, 13, 2, 0),
(652, 245, 318, 13, 4, 0),
(653, 245, 318, 13, 2, 0),
(654, 245, 318, 13, 7, 0),
(655, 245, 318, 13, 6, 0),
(656, 245, 318, 13, 1, 0),
(657, 247, 319, 13, 2, 0),
(658, 67, 320, 13, 6, 0),
(659, 67, 7, 8, 2, 0),
(660, 67, 321, 7, 2, 0);

-- --------------------------------------------------------

--
-- Structure de la table `chat`
--

CREATE TABLE IF NOT EXISTS `chat` (
  `chat_id` int(12) unsigned NOT NULL AUTO_INCREMENT,
  `chat_game_id` int(12) NOT NULL,
  `chat_user_id` int(12) NOT NULL,
  `chat_message` varchar(256) NOT NULL,
  `chat_time` int(12) NOT NULL,
  PRIMARY KEY (`chat_id`)
) ENGINE=InnoDB DEFAULT CHARSET=latin1 AUTO_INCREMENT=1 ;

-- --------------------------------------------------------

--
-- Structure de la table `chat_read`
--

CREATE TABLE IF NOT EXISTS `chat_read` (
  `chat_read_id` int(12) unsigned NOT NULL AUTO_INCREMENT,
  `chat_read_game_id` int(12) NOT NULL,
  `chat_read_message_id` int(12) NOT NULL,
  `chat_read_user_id` int(12) NOT NULL,
  PRIMARY KEY (`chat_read_id`)
) ENGINE=InnoDB DEFAULT CHARSET=latin1 AUTO_INCREMENT=1 ;

-- --------------------------------------------------------

--
-- Structure de la table `color`
--

CREATE TABLE IF NOT EXISTS `color` (
  `color_id` int(12) unsigned NOT NULL AUTO_INCREMENT,
  `color_name` varchar(64) NOT NULL,
  `color_fr` varchar(64) NOT NULL,
  `color_codeHex` varchar(128) NOT NULL,
  `color_code` varchar(128) NOT NULL,
  `color_css` varchar(128) NOT NULL,
  `color_font_chat` varchar(128) NOT NULL,
  `color_font_news` varchar(128) NOT NULL,
  `color_font_other` varchar(128) NOT NULL,
  `color_hide` int(11) NOT NULL,
  PRIMARY KEY (`color_id`)
) ENGINE=InnoDB  DEFAULT CHARSET=latin1 AUTO_INCREMENT=12 ;

--
-- Contenu de la table `color`
--

INSERT INTO `color` (`color_id`, `color_name`, `color_fr`, `color_codeHex`, `color_code`, `color_css`, `color_font_chat`, `color_font_news`, `color_font_other`, `color_hide`) VALUES
(1, 'grey', 'Grey', '0x80;0x80;0x80;', '201;201;201;', 'C6C3C5', 'black', 'grey', 'grey', 1),
(2, 'red', 'Red', '0xFF;0;0;', '255;0;0;', 'FF7373', 'white', 'red', 'red', 0),
(3, 'blue', 'Blue', '0;0;0xFF;', '0;0;255;', '2676FF', 'black', 'blue', 'blue', 0),
(4, 'green', 'Green', '0;0xFF;0;', '0;255;0;', '26FF4E', 'black', 'green', '#00FF40', 0),
(5, 'yellow', 'Yellow', '0xFF;0xFF;0x00;', '214;255;0;', 'E9FF51', 'black', '#D5D200', 'yellow', 0),
(6, 'black', 'Black', '0x00;0x00;0x00;', '0;0;0;', '3C3C3C', 'white', 'black', 'black', 0),
(7, 'orange', 'Orange', '0xFF;0x99;0x00;', '255;165;0;', 'FF9A40', 'black', 'orange', 'orange', 0),
(8, 'purple', 'Purple', '0x80;0x00;0x80;', '255;0;219;', 'FF40D3', 'black', 'purple', '#FF63E3', 0),
(9, 'white', 'White', '', '252;255;249;', 'FFFAFA', 'black', 'white', 'white', 0),
(10, 'turquoise', 'Turquoise', '', '0;255;230;', '00FFE6', 'black', '#00FFE6', '#00FFE6', 0),
(11, 'pink', 'Pink', '', '239;0;255;', '00FFE6', 'white', '#EF00FF', '#EF00FF', 0);

-- --------------------------------------------------------

--
-- Structure de la table `continent`
--

CREATE TABLE IF NOT EXISTS `continent` (
  `continent_id` int(16) NOT NULL AUTO_INCREMENT,
  `continent_name` varchar(126) NOT NULL,
  `continent_bonus` int(16) NOT NULL,
  `continent_land_id_begin` int(16) NOT NULL,
  `continent_land_id_end` int(16) NOT NULL,
  `continent_hide` int(11) NOT NULL,
  `continent_map_id` int(11) NOT NULL,
  PRIMARY KEY (`continent_id`)
) ENGINE=InnoDB  DEFAULT CHARSET=latin1 AUTO_INCREMENT=8 ;

--
-- Contenu de la table `continent`
--

INSERT INTO `continent` (`continent_id`, `continent_name`, `continent_bonus`, `continent_land_id_begin`, `continent_land_id_end`, `continent_hide`, `continent_map_id`) VALUES
(1, 'Europe', 5, 1, 7, 0, 1),
(2, 'Asia', 7, 8, 19, 0, 1),
(3, 'North_America', 5, 20, 28, 0, 1),
(4, 'South_America', 2, 29, 32, 0, 1),
(5, 'Africa', 3, 33, 38, 0, 1),
(6, 'Oceania', 2, 39, 42, 0, 1),
(7, 'Antarctica', 2, 43, 47, 1, 1);

-- --------------------------------------------------------

--
-- Structure de la table `difficulty`
--

CREATE TABLE IF NOT EXISTS `difficulty` (
  `difficulty_id` int(12) unsigned NOT NULL AUTO_INCREMENT,
  `difficulty_name` varchar(256) NOT NULL,
  `difficulty_rate_bot_units` int(12) NOT NULL,
  `difficulty_rate_ressources` int(12) NOT NULL,
  `difficulty_rate_oper` varchar(64) NOT NULL,
  `difficulty_rate_units_atk` int(12) NOT NULL,
  `difficulty_rate_units_def` int(12) NOT NULL,
  `difficulty_rate_atk_frt` int(12) NOT NULL,
  `difficulty_rate_def_pc` int(12) NOT NULL,
  `difficulty_rate_exec_atk` int(12) NOT NULL,
  `difficulty_rate_exec_def` int(12) NOT NULL,
  `difficulty_rate_exec_build` int(12) NOT NULL,
  `difficulty_marge_frt` int(12) NOT NULL,
  `difficulty_marge_pc` int(12) NOT NULL,
  `difficulty_build_mine` int(12) NOT NULL,
  PRIMARY KEY (`difficulty_id`)
) ENGINE=InnoDB  DEFAULT CHARSET=latin1 AUTO_INCREMENT=6 ;

--
-- Contenu de la table `difficulty`
--

INSERT INTO `difficulty` (`difficulty_id`, `difficulty_name`, `difficulty_rate_bot_units`, `difficulty_rate_ressources`, `difficulty_rate_oper`, `difficulty_rate_units_atk`, `difficulty_rate_units_def`, `difficulty_rate_atk_frt`, `difficulty_rate_def_pc`, `difficulty_rate_exec_atk`, `difficulty_rate_exec_def`, `difficulty_rate_exec_build`, `difficulty_marge_frt`, `difficulty_marge_pc`, `difficulty_build_mine`) VALUES
(1, 'Very_easy', 50, 50, '+', 100, 80, 70, 70, 60, 60, 70, 30, 30, 70),
(2, 'Easy', 30, 30, '+', 90, 70, 60, 60, 70, 70, 80, 35, 35, 75),
(3, 'Normal', 0, 0, '+', 80, 60, 60, 60, 80, 80, 90, 40, 40, 80),
(4, 'Hard', 2, 30, '-', 70, 50, 50, 50, 90, 90, 95, 50, 50, 90),
(5, 'Very_hard', 4, 50, '-', 60, 40, 40, 40, 100, 100, 100, 60, 60, 100);

-- --------------------------------------------------------

--
-- Structure de la table `fight`
--

CREATE TABLE IF NOT EXISTS `fight` (
  `fight_id` int(12) unsigned NOT NULL AUTO_INCREMENT,
  `fight_game_id` int(12) NOT NULL,
  `fight_atk_user_id` int(12) NOT NULL,
  `fight_def_user_id` int(12) NOT NULL,
  `fight_atk_land_id` int(12) NOT NULL,
  `fight_def_land_id` int(12) NOT NULL,
  `fight_atk_lost_unit` int(12) NOT NULL,
  `fight_def_lost_unit` int(12) NOT NULL,
  `fight_atk_units` varchar(2048) NOT NULL,
  `fight_def_units` varchar(2048) NOT NULL,
  `fight_atk_nb_units` int(11) NOT NULL,
  `fight_def_nb_units` int(11) NOT NULL,
  `fight_thimble_atk` varchar(2048) NOT NULL,
  `fight_thimble_def` varchar(2048) NOT NULL,
  `fight_time` int(12) NOT NULL,
  `fight_turn_id` int(12) NOT NULL,
  `fight_conquest` int(12) NOT NULL,
  PRIMARY KEY (`fight_id`)
) ENGINE=InnoDB DEFAULT CHARSET=latin1 AUTO_INCREMENT=1 ;

-- --------------------------------------------------------

--
-- Structure de la table `frontier`
--

CREATE TABLE IF NOT EXISTS `frontier` (
  `frontier_id` int(16) NOT NULL AUTO_INCREMENT,
  `frontier_land_id_one` int(16) NOT NULL,
  `frontier_land_id_two` int(16) NOT NULL,
  `frontier_map_id` int(11) NOT NULL,
  PRIMARY KEY (`frontier_id`)
) ENGINE=InnoDB  DEFAULT CHARSET=latin1 AUTO_INCREMENT=382 ;

--
-- Contenu de la table `frontier`
--

INSERT INTO `frontier` (`frontier_id`, `frontier_land_id_one`, `frontier_land_id_two`, `frontier_map_id`) VALUES
(1, 1, 2, 1),
(2, 1, 7, 1),
(3, 1, 4, 1),
(4, 1, 3, 1),
(5, 2, 1, 1),
(6, 2, 4, 1),
(7, 2, 24, 1),
(8, 7, 1, 1),
(9, 7, 3, 1),
(10, 7, 5, 1),
(11, 4, 2, 1),
(12, 4, 1, 1),
(13, 4, 3, 1),
(14, 4, 6, 1),
(15, 3, 1, 1),
(16, 3, 4, 1),
(17, 3, 7, 1),
(18, 3, 5, 1),
(19, 3, 6, 1),
(20, 5, 3, 1),
(21, 5, 7, 1),
(22, 5, 6, 1),
(23, 5, 35, 1),
(24, 6, 4, 1),
(25, 6, 5, 1),
(26, 6, 14, 1),
(27, 6, 8, 1),
(28, 6, 18, 1),
(29, 7, 37, 1),
(30, 6, 3, 1),
(31, 8, 6, 1),
(32, 8, 18, 1),
(33, 8, 9, 1),
(34, 8, 10, 1),
(35, 8, 14, 1),
(36, 9, 8, 1),
(37, 9, 10, 1),
(38, 9, 16, 1),
(39, 9, 15, 1),
(40, 9, 17, 1),
(41, 9, 18, 1),
(42, 10, 16, 1),
(43, 10, 9, 1),
(44, 10, 8, 1),
(45, 10, 14, 1),
(46, 11, 13, 1),
(47, 11, 19, 1),
(48, 11, 17, 1),
(49, 11, 15, 1),
(50, 12, 13, 1),
(51, 12, 15, 1),
(52, 13, 12, 1),
(53, 13, 19, 1),
(54, 13, 11, 1),
(55, 13, 15, 1),
(56, 14, 10, 1),
(57, 14, 8, 1),
(58, 14, 6, 1),
(59, 14, 5, 1),
(60, 14, 35, 1),
(61, 14, 34, 1),
(62, 15, 12, 1),
(63, 15, 13, 1),
(64, 15, 11, 1),
(65, 15, 17, 1),
(66, 15, 9, 1),
(67, 16, 9, 1),
(68, 16, 10, 1),
(69, 16, 40, 1),
(70, 17, 19, 1),
(71, 17, 11, 1),
(72, 17, 15, 1),
(73, 17, 9, 1),
(74, 17, 18, 1),
(75, 18, 17, 1),
(76, 18, 8, 1),
(77, 18, 6, 1),
(78, 18, 9, 1),
(79, 19, 17, 1),
(80, 19, 11, 1),
(81, 19, 13, 1),
(82, 5, 14, 1),
(83, 13, 20, 1),
(84, 20, 13, 1),
(85, 20, 25, 1),
(86, 20, 21, 1),
(87, 21, 20, 1),
(88, 21, 25, 1),
(89, 21, 26, 1),
(90, 21, 28, 1),
(91, 22, 32, 1),
(92, 22, 28, 1),
(93, 22, 23, 1),
(94, 23, 22, 1),
(95, 23, 28, 1),
(96, 23, 26, 1),
(97, 23, 27, 1),
(98, 24, 2, 1),
(99, 24, 27, 1),
(100, 24, 26, 1),
(101, 24, 25, 1),
(103, 25, 26, 1),
(104, 25, 21, 1),
(105, 25, 20, 1),
(106, 26, 24, 1),
(107, 26, 27, 1),
(108, 26, 23, 1),
(109, 26, 28, 1),
(110, 26, 21, 1),
(111, 26, 25, 1),
(112, 27, 24, 1),
(113, 27, 26, 1),
(114, 27, 23, 1),
(115, 28, 23, 1),
(116, 28, 22, 1),
(117, 28, 21, 1),
(118, 28, 26, 1),
(119, 25, 24, 1),
(120, 29, 30, 1),
(121, 29, 31, 1),
(122, 30, 29, 1),
(123, 30, 31, 1),
(124, 30, 32, 1),
(125, 31, 29, 1),
(126, 31, 30, 1),
(127, 31, 32, 1),
(128, 32, 30, 1),
(129, 32, 31, 1),
(130, 32, 22, 1),
(131, 33, 38, 1),
(132, 33, 34, 1),
(133, 33, 37, 1),
(134, 34, 38, 1),
(135, 34, 33, 1),
(136, 34, 37, 1),
(137, 34, 35, 1),
(138, 34, 14, 1),
(139, 35, 14, 1),
(140, 35, 5, 1),
(141, 35, 37, 1),
(142, 35, 34, 1),
(143, 36, 34, 1),
(144, 36, 38, 1),
(145, 37, 7, 1),
(146, 37, 35, 1),
(147, 37, 34, 1),
(148, 37, 33, 1),
(149, 38, 36, 1),
(150, 38, 34, 1),
(151, 38, 33, 1),
(152, 34, 36, 1),
(153, 39, 41, 1),
(154, 39, 42, 1),
(155, 40, 16, 1),
(156, 40, 41, 1),
(157, 40, 42, 1),
(158, 41, 39, 1),
(159, 41, 40, 1),
(160, 41, 42, 1),
(161, 42, 39, 1),
(162, 42, 41, 1),
(163, 42, 40, 1),
(164, 37, 30, 1),
(165, 30, 37, 1),
(166, 43, 44, 1),
(167, 43, 42, 1),
(168, 42, 43, 1),
(169, 44, 43, 1),
(170, 44, 45, 1),
(171, 45, 44, 1),
(172, 45, 38, 1),
(173, 38, 45, 1),
(174, 45, 46, 1),
(175, 46, 45, 1),
(176, 46, 47, 1),
(177, 47, 46, 1),
(178, 47, 29, 1),
(179, 29, 47, 1),
(180, 48, 49, 2),
(181, 48, 52, 2),
(182, 49, 48, 2),
(183, 49, 50, 2),
(184, 49, 51, 2),
(185, 49, 52, 2),
(186, 50, 51, 2),
(187, 50, 49, 2),
(188, 50, 54, 2),
(189, 51, 49, 2),
(190, 51, 50, 2),
(191, 51, 52, 2),
(192, 51, 53, 2),
(193, 51, 54, 2),
(194, 52, 49, 2),
(195, 52, 48, 2),
(196, 52, 51, 2),
(197, 52, 53, 2),
(198, 52, 55, 2),
(199, 52, 56, 2),
(200, 53, 52, 2),
(201, 53, 55, 2),
(202, 53, 63, 2),
(203, 53, 61, 2),
(204, 53, 54, 2),
(205, 53, 51, 2),
(206, 54, 51, 2),
(207, 54, 53, 2),
(208, 54, 50, 2),
(209, 54, 61, 2),
(210, 54, 63, 2),
(211, 55, 52, 2),
(212, 55, 56, 2),
(213, 55, 53, 2),
(214, 55, 63, 2),
(215, 55, 62, 2),
(216, 55, 60, 2),
(217, 56, 52, 2),
(218, 56, 55, 2),
(219, 56, 59, 2),
(220, 56, 60, 2),
(221, 58, 61, 2),
(222, 58, 65, 2),
(223, 58, 69, 2),
(224, 58, 70, 2),
(225, 59, 66, 2),
(226, 59, 56, 2),
(227, 59, 60, 2),
(228, 60, 59, 2),
(229, 60, 66, 2),
(230, 60, 62, 2),
(231, 60, 67, 2),
(232, 60, 55, 2),
(233, 60, 56, 2),
(234, 61, 58, 2),
(235, 61, 65, 2),
(236, 61, 63, 2),
(237, 61, 53, 2),
(238, 61, 54, 2),
(239, 62, 55, 2),
(240, 62, 60, 2),
(241, 62, 63, 2),
(242, 62, 64, 2),
(243, 62, 68, 2),
(244, 62, 67, 2),
(245, 63, 55, 2),
(246, 63, 53, 2),
(247, 63, 54, 2),
(248, 63, 61, 2),
(249, 63, 65, 2),
(250, 63, 64, 2),
(251, 63, 62, 2),
(252, 64, 62, 2),
(253, 64, 63, 2),
(254, 64, 65, 2),
(255, 64, 68, 2),
(256, 65, 64, 2),
(257, 65, 63, 2),
(258, 65, 61, 2),
(259, 65, 58, 2),
(260, 65, 69, 2),
(261, 65, 68, 2),
(262, 66, 59, 2),
(263, 66, 60, 2),
(264, 66, 67, 2),
(265, 66, 72, 2),
(266, 67, 60, 2),
(267, 67, 62, 2),
(268, 67, 68, 2),
(269, 67, 73, 2),
(270, 67, 72, 2),
(271, 67, 66, 2),
(272, 68, 67, 2),
(273, 68, 62, 2),
(274, 68, 64, 2),
(275, 68, 65, 2),
(276, 68, 69, 2),
(277, 68, 77, 2),
(278, 68, 76, 2),
(279, 68, 73, 2),
(280, 69, 68, 2),
(281, 69, 65, 2),
(282, 69, 58, 2),
(283, 69, 77, 2),
(284, 69, 70, 2),
(285, 69, 71, 2),
(286, 70, 58, 2),
(287, 70, 69, 2),
(288, 70, 71, 2),
(289, 71, 70, 2),
(290, 71, 77, 2),
(291, 71, 69, 2),
(292, 71, 78, 2),
(293, 72, 66, 2),
(294, 72, 67, 2),
(295, 72, 73, 2),
(296, 73, 68, 2),
(297, 73, 76, 2),
(298, 73, 75, 2),
(299, 73, 72, 2),
(300, 73, 67, 2),
(301, 74, 75, 2),
(302, 74, 81, 2),
(303, 75, 74, 2),
(304, 75, 73, 2),
(305, 75, 76, 2),
(306, 75, 81, 2),
(307, 76, 81, 2),
(308, 76, 75, 2),
(309, 76, 73, 2),
(310, 76, 68, 2),
(311, 76, 77, 2),
(312, 76, 84, 2),
(313, 76, 85, 2),
(314, 77, 76, 2),
(315, 77, 68, 2),
(316, 77, 69, 2),
(317, 77, 71, 2),
(318, 77, 78, 2),
(319, 77, 80, 2),
(320, 77, 83, 2),
(321, 77, 84, 2),
(322, 78, 71, 2),
(323, 78, 77, 2),
(324, 78, 80, 2),
(325, 78, 79, 2),
(326, 79, 80, 2),
(327, 79, 78, 2),
(328, 80, 79, 2),
(329, 80, 78, 2),
(330, 80, 77, 2),
(331, 80, 83, 2),
(332, 80, 82, 2),
(333, 81, 74, 2),
(334, 81, 75, 2),
(335, 81, 76, 2),
(336, 81, 85, 2),
(337, 81, 87, 2),
(338, 82, 83, 2),
(339, 82, 80, 2),
(340, 83, 82, 2),
(341, 83, 80, 2),
(342, 83, 77, 2),
(343, 83, 84, 2),
(344, 84, 83, 2),
(345, 84, 77, 2),
(346, 84, 76, 2),
(347, 84, 85, 2),
(348, 84, 86, 2),
(349, 85, 84, 2),
(350, 85, 76, 2),
(351, 85, 81, 2),
(352, 85, 87, 2),
(353, 85, 86, 2),
(354, 86, 85, 2),
(355, 86, 84, 2),
(356, 86, 87, 2),
(357, 87, 86, 2),
(358, 87, 85, 2),
(359, 87, 81, 2),
(360, 87, 89, 2),
(361, 87, 88, 2),
(362, 88, 87, 2),
(363, 88, 89, 2),
(364, 89, 88, 2),
(365, 89, 87, 2),
(366, 89, 91, 2),
(367, 89, 93, 2),
(368, 89, 94, 2),
(369, 90, 92, 2),
(370, 91, 92, 2),
(371, 91, 89, 2),
(372, 91, 93, 2),
(373, 92, 91, 2),
(374, 92, 90, 2),
(375, 92, 93, 2),
(376, 93, 92, 2),
(377, 93, 91, 2),
(378, 93, 89, 2),
(379, 93, 94, 2),
(380, 94, 93, 2),
(381, 94, 89, 2);

-- --------------------------------------------------------

--
-- Structure de la table `game`
--

CREATE TABLE IF NOT EXISTS `game` (
  `game_id` int(12) unsigned NOT NULL AUTO_INCREMENT,
  `game_name` varchar(256) NOT NULL,
  `game_owner_id` int(12) NOT NULL,
  `game_max_player` int(12) NOT NULL,
  `game_create_time` int(12) NOT NULL,
  `game_statut` int(12) NOT NULL,
  `game_map_id` int(11) NOT NULL,
  `game_mod_id` int(12) NOT NULL,
  `game_turn_time` int(11) NOT NULL,
  `game_difficulty_id` int(12) NOT NULL,
  `game_won_user_id` int(12) NOT NULL,
  `game_won_time` int(12) NOT NULL,
  `game_pwd` varchar(512) NOT NULL,
  `game_key` varchar(256) NOT NULL,
  PRIMARY KEY (`game_id`)
) ENGINE=InnoDB  DEFAULT CHARSET=latin1 AUTO_INCREMENT=23 ;

--
-- Contenu de la table `game`
--

INSERT INTO `game` (`game_id`, `game_name`, `game_owner_id`, `game_max_player`, `game_create_time`, `game_statut`, `game_map_id`, `game_mod_id`, `game_turn_time`, `game_difficulty_id`, `game_won_user_id`, `game_won_time`, `game_pwd`, `game_key`) VALUES
(20, 'KKF2uStg23GuOLtyMwH3efQHRYUXr8Q4uq+n35zLIO4=', 269, 4, 1467756950, 50, 1, 0, 0, 0, 0, 0, 'Qz+MxwBUa9xEX5dZMx7/vECgaxwnpEsOPzJsAfGk2A5yHVbevbx5tEQGVqXo2/F4UJgooz1Z4olWlUWYMRrug1LWIW1eyp2CrPbmF4n5AR/RqcwTpL5M7Fb3f2ce8eJi|xVpfQsJ2kPkyROIFoXZOWXUG5F7YcgwcB1hcmY+ANEA=', '0'),
(21, 'rXSa8cf6Xo4p7wAI/cWmdL2yvhPpHC32uLfIV0kMD7s=', 268, 2, 1467788633, 0, 1, 0, 0, 0, 0, 0, 'nWLuWM8Bs1N9MK2bSFJzy99FC/zmbgSJER6xSc13jENlsMUMDzWO/FWG+1tnBMfNEYIlaN7HPj6PYhCma6Z4RuCx+kwobYCxGFDM2TVAPLc4rLlZLIwZvYhX2M+p1iLY|Pkw+SlB7zZCBEvI4PxNtEo20AbR13jD/cpJuMw4pJ2U=', '0'),
(22, 'SBuFfByaORCOFC9I3qGdIig8+lcquJFW4GFK6KFWxjk=', 268, 3, 1467814714, 0, 1, 0, 0, 0, 0, 0, 'VYugfxfuTTDtV/GkgHB7WbsjLjvjYtK+Uth2GTXNoPYfw0Kn+wtilOe+4xZZyq1PFpyoxBTkDxvMvA0sm8L+60+pgm9guQaNkuZNPCJzS6DZqLqy3fJTI7ezBtNEGNBC|6mKCzP2s4b266LDpYIyTzQJ7i18jVNZlgO4UdBdUyko=', '0');

-- --------------------------------------------------------

--
-- Structure de la table `game_data`
--

CREATE TABLE IF NOT EXISTS `game_data` (
  `game_data_id` int(12) unsigned NOT NULL AUTO_INCREMENT,
  `game_data_game_id` int(12) NOT NULL,
  `game_data_user_id` int(12) NOT NULL,
  `game_data_user_id_base` int(12) NOT NULL,
  `game_data_land_id` int(12) NOT NULL,
  `game_data_units` int(12) NOT NULL,
  `game_data_capital` int(12) NOT NULL,
  `game_data_ressource_id` int(12) NOT NULL,
  `game_data_buildings` varchar(128) NOT NULL,
  PRIMARY KEY (`game_data_id`)
) ENGINE=InnoDB  DEFAULT CHARSET=latin1 AUTO_INCREMENT=48 ;

--
-- Contenu de la table `game_data`
--

INSERT INTO `game_data` (`game_data_id`, `game_data_game_id`, `game_data_user_id`, `game_data_user_id_base`, `game_data_land_id`, `game_data_units`, `game_data_capital`, `game_data_ressource_id`, `game_data_buildings`) VALUES
(1, 20, 269, 0, 1, 3, 0, 3, '0'),
(2, 20, 269, 0, 2, 3, 0, 0, '0'),
(3, 20, 269, 0, 3, 4, 0, 3, '0'),
(4, 20, 269, 0, 4, 3, 0, 0, '0'),
(5, 20, 269, 0, 5, 4, 0, 3, '0'),
(6, 20, 269, 0, 6, 4, 0, 3, '0'),
(7, 20, 269, 0, 7, 3, 0, 0, '0'),
(8, 20, 269, 0, 8, 4, 0, 0, '0'),
(9, 20, 269, 0, 9, 3, 0, 0, '0'),
(10, 20, 0, 0, 10, 3, 0, 0, '0'),
(11, 20, 64, 64, 11, 5, 64, 0, '1'),
(12, 20, 0, 0, 12, 3, 0, 0, '0'),
(13, 20, 0, 0, 13, 3, 0, 0, '0'),
(14, 20, 270, 270, 14, 4, 270, 3, '1'),
(15, 20, 0, 0, 15, 4, 0, 0, '0'),
(16, 20, 268, 268, 16, 4, 268, 0, '1'),
(17, 20, 0, 0, 17, 4, 0, 0, '0'),
(18, 20, 269, 0, 18, 4, 0, 0, '0'),
(19, 20, 0, 0, 19, 4, 0, 0, '0'),
(20, 20, 0, 0, 20, 3, 0, 0, '0'),
(21, 20, 0, 0, 21, 3, 0, 3, '0'),
(22, 20, 0, 0, 22, 3, 0, 0, '0'),
(23, 20, 0, 0, 23, 3, 0, 0, '0'),
(24, 20, 0, 0, 24, 3, 0, 0, '0'),
(25, 20, 0, 0, 25, 3, 0, 0, '0'),
(26, 20, 0, 0, 26, 4, 0, 0, '0'),
(27, 20, 0, 0, 27, 3, 0, 0, '0'),
(28, 20, 0, 0, 28, 4, 0, 3, '0'),
(29, 20, 0, 0, 29, 3, 0, 0, '0'),
(30, 20, 0, 0, 30, 3, 0, 3, '0'),
(31, 20, 269, 269, 31, 4, 269, 3, '1'),
(32, 20, 0, 0, 32, 3, 0, 3, '0'),
(33, 20, 0, 0, 33, 4, 0, 0, '0'),
(34, 20, 0, 0, 34, 3, 0, 0, '0'),
(35, 20, 0, 0, 35, 3, 0, 0, '0'),
(36, 20, 0, 0, 36, 3, 0, 0, '0'),
(37, 20, 0, 0, 37, 3, 0, 0, '0'),
(38, 20, 0, 0, 38, 3, 0, 0, '0'),
(39, 20, 0, 0, 39, 3, 0, 0, '0'),
(40, 20, 0, 0, 40, 3, 0, 0, '0'),
(41, 20, 0, 0, 41, 3, 0, 3, '0'),
(42, 20, 0, 0, 42, 3, 0, 0, '0'),
(43, 20, 0, 0, 43, 3, 0, 0, '0'),
(44, 20, 0, 0, 44, 3, 0, 0, '0'),
(45, 20, 0, 0, 45, 3, 0, 0, '0'),
(46, 20, 0, 0, 46, 3, 0, 0, '0'),
(47, 20, 0, 0, 47, 3, 0, 0, '0');

-- --------------------------------------------------------

--
-- Structure de la table `game_player`
--

CREATE TABLE IF NOT EXISTS `game_player` (
  `game_player_id` int(12) unsigned NOT NULL AUTO_INCREMENT,
  `game_player_region_id` int(12) NOT NULL,
  `game_player_difficulty_id` int(12) NOT NULL DEFAULT '1',
  `game_player_statut` int(12) DEFAULT '1',
  `game_player_game_id` int(12) NOT NULL,
  `game_player_user_id` int(12) NOT NULL,
  `game_player_color_id` int(12) NOT NULL,
  `game_player_enter_time` int(12) NOT NULL,
  `game_player_order` int(12) NOT NULL,
  `game_player_bot` int(12) NOT NULL,
  `game_player_quit` int(12) NOT NULL,
  PRIMARY KEY (`game_player_id`)
) ENGINE=InnoDB  DEFAULT CHARSET=latin1 AUTO_INCREMENT=37 ;

--
-- Contenu de la table `game_player`
--

INSERT INTO `game_player` (`game_player_id`, `game_player_region_id`, `game_player_difficulty_id`, `game_player_statut`, `game_player_game_id`, `game_player_user_id`, `game_player_color_id`, `game_player_enter_time`, `game_player_order`, `game_player_bot`, `game_player_quit`) VALUES
(17, 5, 1, 1, 22, 269, 1, 1468000906, 0, 0, 1),
(18, 3, 1, 1, 22, 268, 4, 1468008679, 0, 0, 1),
(19, 1, 1, 1, 22, 270, 7, 1468339014, 0, 0, 0),
(31, 1, 1, 0, 21, 1, 1, 1468657635, 0, 0, 0),
(32, 1, 1, 0, 21, 272, 1, 1468657648, 0, 0, 0),
(33, 3, 1, 1, 20, 269, 2, 1468658181, 3, 0, 0),
(34, 1, 1, 1, 20, 270, 4, 1468658906, 2, 0, 0),
(35, 1, 1, 1, 20, 64, 8, 1468664890, 1, 0, 1),
(36, 1, 1, 1, 20, 268, 5, 1468680350, 4, 0, 0);

-- --------------------------------------------------------

--
-- Structure de la table `harbor`
--

CREATE TABLE IF NOT EXISTS `harbor` (
  `harbor_id` int(12) unsigned NOT NULL AUTO_INCREMENT,
  `harbor_land_id_one` int(12) NOT NULL,
  `harbor_land_id_two` int(12) NOT NULL,
  `harbor_map_id` int(11) NOT NULL,
  PRIMARY KEY (`harbor_id`)
) ENGINE=InnoDB  DEFAULT CHARSET=latin1 AUTO_INCREMENT=11 ;

--
-- Contenu de la table `harbor`
--

INSERT INTO `harbor` (`harbor_id`, `harbor_land_id_one`, `harbor_land_id_two`, `harbor_map_id`) VALUES
(1, 28, 12, 1),
(2, 12, 28, 1),
(3, 31, 41, 1),
(4, 41, 31, 1),
(5, 36, 42, 1),
(6, 42, 36, 1),
(7, 48, 57, 2),
(8, 57, 48, 2),
(9, 79, 95, 2),
(10, 95, 79, 2);

-- --------------------------------------------------------

--
-- Structure de la table `land`
--

CREATE TABLE IF NOT EXISTS `land` (
  `land_id` int(16) unsigned NOT NULL AUTO_INCREMENT,
  `land_name` varchar(128) NOT NULL,
  `land_map_id` int(11) NOT NULL,
  `land_abv` varchar(128) NOT NULL,
  `land_image` varchar(128) NOT NULL,
  `land_continent_id` int(16) NOT NULL,
  `land_position_top` varchar(16) NOT NULL,
  `land_position_left` varchar(16) NOT NULL,
  `land_base_units` int(4) NOT NULL,
  `land_harbor` int(4) NOT NULL,
  PRIMARY KEY (`land_id`)
) ENGINE=MyISAM  DEFAULT CHARSET=latin1 AUTO_INCREMENT=96 ;

--
-- Contenu de la table `land`
--

INSERT INTO `land` (`land_id`, `land_name`, `land_map_id`, `land_abv`, `land_image`, `land_continent_id`, `land_position_top`, `land_position_left`, `land_base_units`, `land_harbor`) VALUES
(1, 'Grande-Bretagne', 1, 'GB', '', 1, '6.3', '34', 3, 0),
(2, 'Islande', 1, '', '', 1, '3.4', '30.5', 3, 0),
(3, 'Europe du Nord', 1, 'EU-Nord', '', 1, '6.55', '38.55', 4, 0),
(4, 'Scandinavie', 1, '', '', 1, '3.1', '38.95', 3, 0),
(5, 'Europe du Sud', 1, 'Eu-Sud', '', 1, '9.6', '39.35', 4, 0),
(6, 'Ukraine', 1, '', '', 1, '3.3', '43.00', 4, 0),
(7, 'Europe Ouest', 1, 'EU-Ouest', 'Europe Occidentale', 1, '8.95', '35.2', 3, 0),
(8, 'Afghanistan', 1, '', '', 2, '7.75', '49.95', 4, 0),
(9, 'Chine', 1, '', '', 2, '9.55', '57.85', 3, 0),
(10, 'Inde', 1, '', '', 2, '13.05', '54.55', 3, 0),
(11, 'Tchita', 1, '', '', 2, '5.05', '60.6', 4, 0),
(12, 'Japon', 1, '', '', 2, '11.1', '74.4', 3, 1),
(13, 'Kamchatka', 1, '', '', 2, '3.45', '69.8', 3, 0),
(14, 'Moyen-Orient', 1, '', '', 2, '11.9', '44.8', 3, 0),
(15, 'Mongolie', 1, '', '', 2, '8.25', '60.7', 4, 0),
(16, 'Siam', 1, '', '', 2, '16.4', '64.4', 3, 0),
(17, 'Sibérie', 1, '', 'Siberie', 2, '1.45', '54.85', 4, 0),
(18, 'Oural', 1, '', '', 2, '2.75', '51.27', 4, 0),
(19, 'Yakoutie', 1, '', '', 2, '2.4', '60.95', 4, 0),
(20, 'Alaska', 1, '', '', 3, '2.35', '0', 3, 0),
(21, 'Alberta', 1, '', '', 3, '5.5', '6.7', 3, 0),
(22, 'Amérique centrale', 1, 'USA-Centrale', 'Amerique-centrale', 3, '14.05', '6.05', 3, 0),
(23, 'Etats de l''Est', 1, 'USA-Est', 'Etats-de-Est', 3, '8.75', '8.85', 3, 0),
(24, 'Groenland', 1, '', '', 3, '1.3', '24.1', 3, 0),
(25, 'Territoires du Nord-Ouest', 1, 'Terres-NO', '', 3, '1.45', '6.45', 3, 0),
(26, 'Ontario', 1, '', '', 1, '5.4', '13.1', 4, 0),
(27, 'Québec', 1, '', 'Quebec', 3, '4.75', '18.45', 3, 0),
(28, 'Etats de l''Ouest', 1, 'USA-Ouest', 'Etats-de-Ouest', 3, '8.85', '5.2', 4, 1),
(29, 'Argentine', 1, '', '', 4, '30.35', '18.25', 3, 0),
(30, 'Brésil', 1, '', 'Bresil', 4, '22.95', '17.15', 3, 0),
(31, 'Pérou', 1, '', 'Perou', 4, '24.1', '14.87', 3, 1),
(32, 'Venezuela', 1, '', '', 4, '20.6', '15.435', 3, 0),
(33, 'Afrique Centrale', 1, 'Afr-Centrale', '', 5, '21.9', '40.1', 4, 0),
(34, 'Afrique Orientale', 1, 'Afr-Est', '', 5, '17.95', '43.95', 3, 0),
(35, 'Egypte', 1, '', '', 5, '14.75', '40.35', 3, 0),
(36, 'Madagascar', 1, '', '', 5, '29.2', '50.5', 3, 1),
(37, 'Afrique du Nord', 1, 'Afr-Nord', '', 5, '13.3', '32.25', 3, 0),
(38, 'Afrique du Sud', 1, 'Afr-Sud', '', 5, '27.3', '40.95', 3, 0),
(39, 'Australie Orientale', 1, 'Aust-Est', '', 6, '29.4', '74.55', 3, 0),
(40, 'Indonésie', 1, '', 'Indonesie', 6, '18.9', '65.5', 3, 0),
(41, 'Nouvelle Guinée', 1, 'Nouv Guinée', 'Nouvelle-Guinee', 6, '24.9', '75.5', 3, 1),
(42, 'Australie Occidentale', 1, 'Austr-Ouest', '', 6, '30.3', '70.05', 3, 1),
(43, 'Terre de Mac-Robertson', 1, 'Mac-Robertson', 'Antarctique Oceanie', 7, '41.7', '63', 3, 0),
(44, 'Terre Victoria', 1, '', 'Antarctique Asiat', 7, '41.7', '53', 3, 0),
(45, 'Terre de la Reine-Maud', 1, 'Reine-Maud', 'Antarctique Europeenne', 7, '42.2', '38.85', 3, 0),
(46, 'Terre Marie Byrd', 1, '', 'Antarctique Am-Sud', 7, '40.9', '24', 3, 0),
(47, 'Terre d''Ellsworth', 1, '', 'Antarctique Ouest', 7, '43.8', '8.85', 3, 0),
(48, 'Washington', 2, '', '', 0, '0.95', '19', 4, 1),
(49, 'Oregon', 2, '', '', 0, '4.5', '16.5', 3, 0),
(50, 'Californie', 2, '', '', 0, '11', '15.5', 4, 0),
(51, 'Nevada', 2, '', '', 0, '12.4', '19.95', 3, 0),
(52, 'Idaho', 2, '', '', 0, '2.3', '24.75', 4, 0),
(53, 'Utah', 2, '', '', 0, '13.9', '27.05', 3, 0),
(54, 'Arizona', 2, '', '', 0, '22.35', '24.45', 4, 0),
(55, 'Wyoming', 2, '', '', 0, '9.9', '31.75', 3, 0),
(56, 'Montana', 2, '', '', 0, '2.65', '28.2', 3, 0),
(57, 'Alaska', 2, '', 'Alaska_USA', 0, '-0.5', '0', 3, 1),
(58, 'Texas', 2, '', '', 0, '24.8', '35.5', 3, 0),
(59, 'Dakota du Nord', 2, 'Dakota Nord', 'Dakota-Nord', 0, '4.5', '40.8', 4, 0),
(60, 'Dakota du Sud', 2, 'Dakota Sud', 'Dakota-Sud', 0, '9.45', '40.5', 4, 0),
(61, 'Nouveau Mexique', 2, 'N. Mexique', 'New-Mexique', 0, '23.2', '32', 4, 0),
(62, 'Nebraska', 2, '', '', 0, '14.2', '40.2', 3, 0),
(63, 'Colorado', 2, '', '', 0, '16.7', '33.2', 4, 0),
(64, 'Kansas', 2, '', '', 0, '19.3', '42.1', 4, 0),
(65, 'Oklahoma', 2, '', '', 0, '23.9', '40.95', 3, 0),
(66, 'Minnesota', 2, '', '', 0, '4.25', '48.55', 3, 0),
(67, 'Lowa', 2, '', '', 0, '13.6', '49.05', 4, 0),
(68, 'Missouri', 2, '', '', 0, '18.2', '50.3', 4, 0),
(69, 'Arkansas', 2, '', '', 0, '24.85', '51.75', 4, 0),
(70, 'Louisiane', 2, '', '', 0, '30.2', '52.75', 3, 0),
(71, 'Mississippi', 2, '', '', 0, '26.9', '56.25', 4, 0),
(72, 'Wisconsin', 2, '', '', 0, '6.85', '53.4', 3, 0),
(73, 'Illinois', 2, '', '', 0, '14.95', '55.4', 3, 0),
(74, 'Michigan', 2, '', '', 0, '9.15', '60.8', 3, 0),
(75, 'Indiana', 2, '', '', 0, '15.65', '59.95', 4, 0),
(76, 'Kentucky', 2, '', '', 0, '20', '58.4', 3, 0),
(77, 'Tennessee', 2, '', '', 0, '23.45', '57.6', 3, 0),
(78, 'Alabama', 2, '', '', 0, '26.55', '60.55', 4, 0),
(79, 'Floride', 2, '', '', 0, '32.7', '61.7', 3, 1),
(80, 'Géorgie', 2, '', 'Georgie', 0, '26.15', '63.75', 3, 0),
(81, 'Ohio', 2, '', '', 0, '14.6', '63.2', 4, 0),
(82, 'Caroline du Sud', 2, 'Caroline-Sud', 'Caroline-Sud', 0, '25.55', '66.75', 4, 0),
(83, 'Caroline du Nord', 2, 'Caroline-Nord', 'Caroline-Nord', 0, '22.1', '65.4', 3, 0),
(84, 'Virginie', 2, '', '', 0, '18.2', '66.5', 3, 0),
(85, 'Virginie de l''Ouest', 2, 'Virginie-Ouest', 'Virginie-Ouest', 0, '16.8', '66.9', 3, 0),
(86, 'Maryland', 2, '', '', 0, '15.8', '71', 4, 0),
(87, 'Pennsylvanie', 2, '', '', 0, '13.45', '68.55', 4, 0),
(88, 'New Jersey', 2, '', 'New-Jersey', 0, '14.25', '74.65', 3, 0),
(89, 'New York', 2, '', 'New-York', 0, '8.15', '69.2', 4, 0),
(90, 'Maine', 2, '', '', 0, '3', '77.9', 3, 0),
(91, 'Vermont', 2, '', '', 0, '7.65', '75.6', 3, 0),
(92, 'Nouveau Hampshire', 2, 'N. Hampshire', 'New-Hampshire', 0, '7.15', '77.2', 4, 0),
(93, 'Massachusetts', 2, '', '', 0, '10.8', '76.5', 3, 0),
(94, 'Connecticut', 2, '', '', 0, '12.3', '76.55', 4, 0),
(95, 'Hawaii', 2, '', '', 0, '35', '78', 3, 1);

-- --------------------------------------------------------

--
-- Structure de la table `map`
--

CREATE TABLE IF NOT EXISTS `map` (
  `map_id` int(11) unsigned NOT NULL AUTO_INCREMENT,
  `map_name` varchar(128) NOT NULL,
  `map_music` varchar(128) NOT NULL,
  `map_leftmenutop_top` int(11) NOT NULL,
  `map_leftmenutop_left` int(11) NOT NULL,
  `map_rightmenutop_top` int(11) NOT NULL,
  `map_rightmenutop_left` int(11) NOT NULL,
  `map_continent` int(11) NOT NULL,
  `map_land_id_begin` int(11) NOT NULL,
  `map_land_id_end` int(11) NOT NULL,
  PRIMARY KEY (`map_id`)
) ENGINE=InnoDB  DEFAULT CHARSET=latin1 AUTO_INCREMENT=5 ;

--
-- Contenu de la table `map`
--

INSERT INTO `map` (`map_id`, `map_name`, `map_music`, `map_leftmenutop_top`, `map_leftmenutop_left`, `map_rightmenutop_top`, `map_rightmenutop_left`, `map_continent`, `map_land_id_begin`, `map_land_id_end`) VALUES
(1, 'World', 'Schwarzweiss-War_Theme.mp3', 35, 1, 33, 83, 1, 1, 47),
(2, 'USA', 'Schwarzweiss-Drums_of_liberty.mp3', 35, 1, 30, 84, 0, 48, 95),
(3, 'Europe', '', 0, 0, 0, 0, 0, 0, 0),
(4, 'France', '', 0, 0, 0, 0, 0, 0, 0);

-- --------------------------------------------------------

--
-- Structure de la table `message`
--

CREATE TABLE IF NOT EXISTS `message` (
  `id` int(12) unsigned NOT NULL AUTO_INCREMENT,
  `game_id` int(12) NOT NULL,
  `time` int(12) NOT NULL,
  `message` varchar(256) NOT NULL,
  `subject` varchar(128) NOT NULL,
  `pact_id` int(12) NOT NULL,
  `user_send_id` int(12) NOT NULL,
  `user_receive_id` int(12) NOT NULL,
  `del` int(8) NOT NULL,
  PRIMARY KEY (`id`)
) ENGINE=InnoDB  DEFAULT CHARSET=latin1 AUTO_INCREMENT=3 ;

--
-- Contenu de la table `message`
--

INSERT INTO `message` (`id`, `game_id`, `time`, `message`, `subject`, `pact_id`, `user_send_id`, `user_receive_id`, `del`) VALUES
(1, 11, 1441724952, 'GarZz souhaite vous proposer un pacte de Non agression de <span id=''nb_tr''>6</span> tours.', 'Proposition de pacte', 1, 243, 67, 0),
(2, 11, 1441724961, 'herklos a accepté votre proposition de pacte de Non agression de <span id=''nb_tr''>6</span> tours.', 'Proposition de pacte signée', 0, 67, 243, 0);

-- --------------------------------------------------------

--
-- Structure de la table `message_read`
--

CREATE TABLE IF NOT EXISTS `message_read` (
  `id` int(12) unsigned NOT NULL AUTO_INCREMENT,
  `game_id` int(12) NOT NULL,
  `message_id` int(12) NOT NULL,
  `user_receive_id` int(12) NOT NULL,
  `time` int(12) NOT NULL,
  PRIMARY KEY (`id`)
) ENGINE=InnoDB  DEFAULT CHARSET=latin1 AUTO_INCREMENT=2 ;

--
-- Contenu de la table `message_read`
--

INSERT INTO `message_read` (`id`, `game_id`, `message_id`, `user_receive_id`, `time`) VALUES
(1, 11, 1, 67, 1441724958);

-- --------------------------------------------------------

--
-- Structure de la table `mod`
--

CREATE TABLE IF NOT EXISTS `mod` (
  `mod_id` int(16) unsigned NOT NULL AUTO_INCREMENT,
  `mod_name` varchar(32) NOT NULL,
  `mod_max_unit_atk` int(16) NOT NULL,
  `mod_max_unit_def` int(16) NOT NULL,
  `mod_win_condition_id` int(16) NOT NULL,
  PRIMARY KEY (`mod_id`)
) ENGINE=InnoDB  DEFAULT CHARSET=latin1 AUTO_INCREMENT=4 ;

--
-- Contenu de la table `mod`
--

INSERT INTO `mod` (`mod_id`, `mod_name`, `mod_max_unit_atk`, `mod_max_unit_def`, `mod_win_condition_id`) VALUES
(1, 'Default', 3, 2, 1),
(2, 'Anarchy', 100, 100, 0),
(3, 'Capital', 3, 2, 2);

-- --------------------------------------------------------

--
-- Structure de la table `move`
--

CREATE TABLE IF NOT EXISTS `move` (
  `move_id` int(11) unsigned NOT NULL AUTO_INCREMENT,
  `move_game_id` int(11) NOT NULL,
  `move_user_id` int(11) NOT NULL,
  `move_time` int(11) NOT NULL,
  `move_land_id_from` int(11) NOT NULL,
  `move_land_id_arrive` int(11) NOT NULL,
  `move_units` int(11) NOT NULL,
  PRIMARY KEY (`move_id`)
) ENGINE=InnoDB DEFAULT CHARSET=latin1 AUTO_INCREMENT=1 ;

-- --------------------------------------------------------

--
-- Structure de la table `pact`
--

CREATE TABLE IF NOT EXISTS `pact` (
  `pact_id` int(12) unsigned NOT NULL AUTO_INCREMENT,
  `pact_game_id` int(12) NOT NULL,
  `pact_ask_user_id` int(12) NOT NULL,
  `pact_accept_user_id` int(12) NOT NULL,
  `pact_pact_type` int(12) NOT NULL,
  `pact_time` int(12) NOT NULL,
  `pact_nb_turn` int(12) NOT NULL,
  `pact_create_turn` int(12) NOT NULL,
  `pact_end_turn` int(12) NOT NULL,
  PRIMARY KEY (`pact_id`)
) ENGINE=InnoDB  DEFAULT CHARSET=latin1 AUTO_INCREMENT=2 ;

--
-- Contenu de la table `pact`
--

INSERT INTO `pact` (`pact_id`, `pact_game_id`, `pact_ask_user_id`, `pact_accept_user_id`, `pact_pact_type`, `pact_time`, `pact_nb_turn`, `pact_create_turn`, `pact_end_turn`) VALUES
(1, 11, 67, 243, 1, 1441724961, 6, 20, 26);

-- --------------------------------------------------------

--
-- Structure de la table `pact_list`
--

CREATE TABLE IF NOT EXISTS `pact_list` (
  `pact_list_id` int(12) unsigned NOT NULL AUTO_INCREMENT,
  `pact_list_name` varchar(128) NOT NULL,
  `pact_list_visibility` int(12) NOT NULL,
  `pact_list_exchange` int(12) NOT NULL,
  PRIMARY KEY (`pact_list_id`)
) ENGINE=InnoDB  DEFAULT CHARSET=latin1 AUTO_INCREMENT=3 ;

--
-- Contenu de la table `pact_list`
--

INSERT INTO `pact_list` (`pact_list_id`, `pact_list_name`, `pact_list_visibility`, `pact_list_exchange`) VALUES
(1, 'Non agression', 0, 0),
(2, 'Alliance', 1, 1);

-- --------------------------------------------------------

--
-- Structure de la table `ressource`
--

CREATE TABLE IF NOT EXISTS `ressource` (
  `ressource_id` int(12) unsigned NOT NULL AUTO_INCREMENT,
  `ressource_name` varchar(128) NOT NULL,
  `ressource_freq` int(12) NOT NULL,
  `ressource_img` varchar(128) NOT NULL,
  `ressource_building_id` int(11) NOT NULL,
  `ressource_description` varchar(512) NOT NULL,
  PRIMARY KEY (`ressource_id`)
) ENGINE=InnoDB  DEFAULT CHARSET=latin1 AUTO_INCREMENT=4 ;

--
-- Contenu de la table `ressource`
--

INSERT INTO `ressource` (`ressource_id`, `ressource_name`, `ressource_freq`, `ressource_img`, `ressource_building_id`, `ressource_description`) VALUES
(1, 'Or', 5, 'ingot_gold', 3, 'Exploitable avec : Mine d''or <br>\r\nBonus : gros avantage sur le revenu si exploitée'),
(2, 'Argent', 12, 'ingot_silver', 4, 'Exploitable avec : Mine d''argent <br>\r\nBonus : avantage sur le revenu si exploité'),
(3, 'Bronze', 25, 'iron_coin', 5, 'Exploitable avec : Mine de bronze <br>\r\nBonus : léger avantage sur le revenu si exploité');

-- --------------------------------------------------------

--
-- Structure de la table `session`
--

CREATE TABLE IF NOT EXISTS `session` (
  `id` int(16) unsigned NOT NULL AUTO_INCREMENT,
  `user_id` int(16) NOT NULL,
  `ip` varchar(16) NOT NULL,
  `create_time` int(16) NOT NULL,
  `session_id` varchar(128) NOT NULL,
  `session_key` varchar(512) NOT NULL,
  `time_closed` int(16) NOT NULL,
  `valid` int(5) NOT NULL,
  PRIMARY KEY (`id`)
) ENGINE=InnoDB  DEFAULT CHARSET=latin1 AUTO_INCREMENT=61 ;

--
-- Contenu de la table `session`
--

INSERT INTO `session` (`id`, `user_id`, `ip`, `create_time`, `session_id`, `session_key`, `time_closed`, `valid`) VALUES
(47, 9, '0', 1426866182, '54ef33f59895c', '1f26c42291499fe0ddb2cdb0312f9142', 1426866186, 0),
(48, 9, '0', 1426866213, '54ef33f59895c', 'b7cbc1926a03bb816e8b7072da06b61d', 1426866220, 0),
(49, 9, '0', 1426867900, 'fauhlnahi9vaajib4v1sie3s24', 'c7e9bc825803a427a781a4c00d4eb340', 1426867902, 0),
(50, 9, '0', 1426885528, '54ef33f59895c', '6a6fce0ee5c7b67db7fe492f8510da27', 1426885536, 0),
(51, 9, '0', 1426885910, '54ef33f59895c', 'a1c14e69d2f998f19654136d4cb70c23', 1426885912, 0),
(52, 9, '0', 1426886026, '54ef33f59895c', '7d129585e88ae325e788ad2e4d1175a8', 1426886028, 0),
(53, 9, '0', 1426886215, '54ef33f59895c', '2bc6da3e2f66068450531ca7d16369e1', 1426887573, 0),
(54, 14, '0', 1426886357, '8b9ogv02c484r0s5cd60f0cl17', '695a082f2ce6b6ea2a15aa4eb31ad218', 1426886378, 0),
(55, 14, '0', 1426886467, '8b9ogv02c484r0s5cd60f0cl17', '23631a21f3676df19310a20fe6d70d64', 1426886469, 0),
(56, 14, '0', 1426886487, '8b9ogv02c484r0s5cd60f0cl17', 'c5eefabbb627b7bfe989d3ec526d569a', 1426886490, 0),
(57, 14, '0', 1426886575, '8b9ogv02c484r0s5cd60f0cl17', '0f9c092934788f1f6346c1e042b07cc9', 1426886577, 0),
(58, 14, '0', 1426886636, '8b9ogv02c484r0s5cd60f0cl17', '0c08b92abeb15d81e57b9eb9503a97b1', 1426886747, 0),
(59, 14, '0', 1426886761, '8b9ogv02c484r0s5cd60f0cl17', '5fb70a6879e8f4bf940fc9e571249b42', 0, 1),
(60, 9, '0', 1426887734, '54ef33f59895c', 'b5ca3666874453a7e7a77025a683f068', 0, 1);

-- --------------------------------------------------------

--
-- Structure de la table `turn`
--

CREATE TABLE IF NOT EXISTS `turn` (
  `turn_id` int(12) unsigned NOT NULL AUTO_INCREMENT,
  `turn_game_id` int(12) NOT NULL,
  `turn_user_id` int(12) NOT NULL,
  `turn_time` int(12) NOT NULL,
  `turn_time_begin` int(12) NOT NULL,
  `turn_gold` int(12) NOT NULL,
  `turn_gold_base` int(12) NOT NULL,
  `turn_income` int(12) NOT NULL,
  PRIMARY KEY (`turn_id`)
) ENGINE=InnoDB  DEFAULT CHARSET=latin1 AUTO_INCREMENT=46 ;

--
-- Contenu de la table `turn`
--

INSERT INTO `turn` (`turn_id`, `turn_game_id`, `turn_user_id`, `turn_time`, `turn_time_begin`, `turn_gold`, `turn_gold_base`, `turn_income`) VALUES
(1, 20, 269, 1, 1, 5, 2, 4),
(2, 20, 269, 1, 1, 10, 2, 4),
(23, 20, 268, 1468865954, 1468865954, 3, 3, 3),
(31, 20, 64, 1468866691, 1468866691, 3, 3, 3),
(32, 20, 270, 1468866691, 1468866691, 3, 3, 3),
(33, 20, 269, 1468867146, 1, 23, 23, 13),
(34, 20, 268, 1468867163, 1468865954, 6, 6, 3),
(35, 20, 64, 1468867167, 1468866691, 6, 6, 3),
(36, 20, 270, 1468867167, 1468866691, 6, 6, 3),
(37, 20, 269, 1468867174, 1, 36, 36, 13),
(38, 20, 268, 1468868598, 1468865954, 9, 9, 3),
(39, 20, 64, 1468868602, 1468866691, 9, 9, 3),
(40, 20, 270, 1468868602, 1468866691, 9, 9, 3),
(41, 20, 269, 1468868610, 1, 49, 49, 13),
(42, 20, 268, 1468869485, 1468865954, 12, 12, 3),
(43, 20, 64, 1468869489, 1468866691, 12, 12, 3),
(44, 20, 270, 1468869489, 1468866691, 12, 12, 3),
(45, 20, 269, 1468869769, 1, 62, 62, 13);

-- --------------------------------------------------------

--
-- Structure de la table `user`
--

CREATE TABLE IF NOT EXISTS `user` (
  `user_id` int(12) unsigned NOT NULL AUTO_INCREMENT,
  `user_name` varchar(256) NOT NULL,
  `user_mail` varchar(128) NOT NULL,
  `user_ip` varchar(16) NOT NULL,
  `user_registration_time` int(12) NOT NULL,
  `user_last_login` int(12) NOT NULL,
  `user_role` int(12) NOT NULL,
  `user_type` int(11) NOT NULL,
  `user_key` varchar(256) NOT NULL,
  `user_authKey` varchar(128) NOT NULL,
  `user_accessToken` varchar(128) NOT NULL,
  `user_pwd` varchar(512) NOT NULL,
  `user_pwd2` varchar(512) NOT NULL,
  PRIMARY KEY (`user_id`)
) ENGINE=MyISAM  DEFAULT CHARSET=latin1 AUTO_INCREMENT=275 ;

--
-- Contenu de la table `user`
--

INSERT INTO `user` (`user_id`, `user_name`, `user_mail`, `user_ip`, `user_registration_time`, `user_last_login`, `user_role`, `user_type`, `user_key`, `user_authKey`, `user_accessToken`, `user_pwd`, `user_pwd2`) VALUES
(67, '0jsQ/fEWB3MJ5N04p61LoEzZ1baOBnp4fKIzODyyrPg=', 'paul.bouquet@gmail.com', '0', 1438282542, 0, 0, 0, 'pBtwXN6prEBitILzNvHJGbXNq3r0gW2czVIfQWHOdDA=', '', '', 'bLwg5wJtG4CfirOoa4o5hciV1TBNrzixaJzhUENKZxVcJfS7F6fauk6Vs7MJqJGh5EabOXFqhE/MRF8vK3RqwRGVhF02uYvNcjpu0xSCHGmCk/TyUI7YgC20F/WsWfKV|N0XPWNJl27vYPJpukNABDjEpR/3zorcxnEYS7eWMNks=', 'qiTwRsCYAmF8QlkMYQuO6Hpc2i580dnup6VdIQ6WwO0U/kppVIv9gDnIjqEv0+ETsY1fwts7GeM7G+Rw7GqVkx8OI9e+yY6IsqdBV6f/TRE//a3dOdg71fN8Ab2LlEd5|EfTU0TvGHNDE54THEeGD1DmpCpy8y0h06AyOOwOZymA='),
(273, 'jnZXhf5w8ktqPDoxsQzx6BwWTuhKHXGLbPD6g5RfkaY=', 'laurent.bouquet@free.fr', '0', 1468658762, 0, 0, 0, '', '', '', '5xfjQj2Q2XI0/qLUzZ62VF75be3320GE8BHe/uBLsQqGznXsDE55piWKygJCKZAC0rddmLjpe/ky0NOCz2EPBrHVN34NvpNB8qzceDSS3S69OudHuf5g0WGpTOAVNK3M|GCk/DFjIfGMtNJKiAb5Nxui9GPpecJ8Md4RLhZ2KwvE=', '5xfjQj2Q2XI0/qLUzZ62VF75be3320GE8BHe/uBLsQqGznXsDE55piWKygJCKZAC0rddmLjpe/ky0NOCz2EPBrHVN34NvpNB8qzceDSS3S69OudHuf5g0WGpTOAVNK3M|GCk/DFjIfGMtNJKiAb5Nxui9GPpecJ8Md4RLhZ2KwvE='),
(274, 'Q9eG1w5Z4t5xR+nmZSVNObR5W00QBxPqde+1l6O1648=', 'jeanne.bouquet.jeanne@gmail.com', '0', 1468665052, 0, 0, 0, '', '', '', 'DAfmtnregNxOYq3Grr6w9w8L2ez1TwmJk6DWa/ZJQqKUMSmqDAtkiFM+VpOp8HR0bjwwU2Zd5ODzzV7YmePZpsR65GRWPZaLVdkdC5D1qaEKkk5DnVNGIgsff959bKc4|lVQmBL9lhUe5cygfH2otxDDioobuSJJ+MgzI0jPr/OE=', 'DAfmtnregNxOYq3Grr6w9w8L2ez1TwmJk6DWa/ZJQqKUMSmqDAtkiFM+VpOp8HR0bjwwU2Zd5ODzzV7YmePZpsR65GRWPZaLVdkdC5D1qaEKkk5DnVNGIgsff959bKc4|lVQmBL9lhUe5cygfH2otxDDioobuSJJ+MgzI0jPr/OE='),
(62, 'T/L2egcvYibE1tv2aHtN5FwJW5+sDi8or0SV39KmsjA=', 'testkey@gmail.com', '0', 1427224545, 0, 0, 0, 'IF6Ub+gJ+0y5y+o0SQweJRCbcp4C6er4x+ZfU8sbE0o=', '', '', 'HkUM3UAD739SI+gFpQAmaX2JCgJkpteh+eWTAP1Lq2qNv6zftlMSDBnS8HMZxNBv7VhQ3xz59EVUlahNVKFLXXMA68DCYX2AcgXbFHrU+ktFaICl6qJ4EVqi3pmqIeFq|/QvWIAzZuCadvt/06+FIVB/dAAt/dir8v3iRvFP58Ac=', 'tQeJnupeBKvEyaTrtuw609YHCXPRntFtyV3lqU09RV/uE8oMnOCqXMq3R0QYxKSog/JbxsobzeVPsA83G5tRb/xk8k/emnSwrKwUxfvGwwsELM0wT22fxQ9RovDPFA28|PXh6vkKP9wIzf4O7uMZjz8PlS3SdEulIA7kaF4Zp4qE='),
(64, 'T3JqAuV6KSQnGwjBnY6qJwLD/GTACsc8xBoeMqGeoUg=', 'jiji.bouquet@gmail.com', '0', 1437641893, 0, 0, 0, '/KrSOBVuiJ7i80XkQaljhUObLiH97qQ9O9tHBAg615Q=', '', '', '+jqUzow1f3TVuaYGrpOMabeVyT/uqd12B5bQS5DnbE9w3CqSD8okDZ/7a81QZe5XveHhZ168xCDTszQxnEMMIfeX1ogUmJ0E6GkunYkdzoT87iWGEShkiwaQOsT5eHu3|x6JyN4ClYRYtMHC1/MeSIqFlfokqVYiV1vqp7JjBPYA=', 'j5kWfJDlS58JX2F3HDSMJbhlLPbRv8FF/Lx3+9knq+Zh0AunhquIiT/nk+vwP16+Z/ewAXdkZu+2BovdNNh2OqJLG25xBDRpuUw3VMnAN2gsQG2tctOkRjZcZm8Pndy8|AOaNVB2A9Qnfcu+eZrjALdP9xoh2EcRg0twJFIRUkjc='),
(65, 'rh4g2pCEJ/GFPDmfPVwu/BDyfPWPfG/I3tSBAjbv48I=', 'XD@gmail.com', '0', 1438002056, 0, 0, 0, 'vmDvO5tVUWUNh7HkSQtq1oTtbDZ5y1K8ixKxVFdnljs=', '', '', '//5kXDCnEMSrlNgnxZ7AhriJi5F9jsYu+rRnrqmqwUlwbEXsSUCWsSR8jO5fc9Xahqi+Dcmed17UmjgWdjEHLNzXhKvZ1xi5cMG1P/F5g2BJq2ngUqj4/PuQrS739eWa|/JE39DMfBBkk4KT3ExKcjRRJQ0ihyj32HP/b1QEWMe4=', 'pRI25u/RmCjdyZhunmiYsaY/p1oTluvzlFPlhumrvHu2utg3fI6en18rlyiiC9wxNHn0rmztktZpKJefR3NoCorEu5UH7kigVQcyzKy4ENyr1jWlZIJiSEqXlhQ4xQu2|/Byr38Ilpi/S5mokXnSbjHOcqygRQUaf5pNHY2pAop8='),
(259, 'RWHt/feig9eZvgWgnorXplUHz4RdJj6JdRYNsF9s9fw=', 'test12@gmail.com', '0', 1467750405, 0, 0, 0, '', '', '', 'Tlj/FsEwau5hQ3AA6Vj8DXe2jzhAbh4AQGOIaFFbSNYj0f7YUqPtM+Q392ks3b6nX3wYvfV+8E7ic5/rcViWgXjQofhaRfRYGk4Ep4DnMk8fftQftZvIs4DnUI0rzVj/|D5kkNA+b7WBF6QFhQoke+bYBm7Oa7zo/8b5YVx+hhVk=', 'Tlj/FsEwau5hQ3AA6Vj8DXe2jzhAbh4AQGOIaFFbSNYj0f7YUqPtM+Q392ks3b6nX3wYvfV+8E7ic5/rcViWgXjQofhaRfRYGk4Ep4DnMk8fftQftZvIs4DnUI0rzVj/|D5kkNA+b7WBF6QFhQoke+bYBm7Oa7zo/8b5YVx+hhVk='),
(68, 'QoZM3MSEU1tScebYXo04IMeMVo+jHOs03DXlBvY51cI=', 'anastasia.daniel22@gmail.com', '0', 1438715396, 0, 0, 0, 'BRK4AVmdk1Bcl45cBEZRniRH+69Wyn5hX6Lnv/Zg5cI=', '', '', 'qD/svKSjwbrYUyUk34PuEZPKqAi1x4OuaaTKDqGD/JE3GBaJijy9AL/mesP5nzprdryf4bse+2Oa/+r6BsAqn2QdzXVN/VjB9OtVmddQUIg43modGkqnSr5Gb16+5T0F|ZiWhxYmeFuq/aeWbujSFqY27dUDKpbe6JbCBQ7ypzCw=', 'TTV/DSyIt07/oOaHM0QOIIWupkRtUWAhpm12EvYVIlUMl7dTXmg/VzdWgTGlrpChqUmVVMgo07JZbLmz8AV3W89aE9hwJOmIyoIq18FKIet/6y9Yjs/dQRxAQD5zaaOF|FKXcqA/9MV55cq0+gdgbap7H5/H07jfjTgdd4bO/7Mk='),
(69, 'YSZP7lWfwr4mjoouewQayBdnmNmpKdXD1ve5AuEsbGY=', 'boss@gmail.com', '0', 1438790733, 0, 0, 0, 'xegquLxagIlq9axZeqlcEOXDUGnRBorBYTvolh95isc=', '', '', 'IoJ2lj3T1uQJljWWgYxRvIqM6DdWDCGyACH2bdcYBKrwgnVISzPELxUmuH5cATzKUMhhufoKxHSl/Ew8/6R0PnsnIvB8Mg/hRR7+L3ijgfeIWdM1oLhyqo7Tw2UgoQZG|3knicdHH4gQ1CFrnWoLBmv3VtXyvYEhAnJw1Pb8jY3g=', 'Ot2Ga0dn0NuY+JMwiagyMQKLqGlz8U2WH7q+rz0gVaFMuqTiugyv633PjviZtOAvQ2aEhsbyJaY3LHLFYE7UV0UCJFreglZmAMSGQ70V2I29mv6b3DkVuSmM6IBjSgvm|Lh1seByM+eXeX60IWjvRzIwFXuvWqZvDngFwLjGfZPs='),
(77, 'Wd4rxumIUWCEfk3Xelnyk0Y0EjA8cLXGu5E1PFgYqrs=', 'test13@test.fr', '0', 1439572014, 0, 0, 1, 'YBBdITkrFDKiBTqeVod1Z0JbMfdDbxnDISixQy7JamY=', '', '', 'IeEBl+QxoTSmIsjCWAj/du/27IIMxtbS9R/MbiM4gxoROFHdkaK3HPjayASCXKt9s9v4sOKoMJ6TaQ9YSo57UlPYw3S3mQX//QKb/QwBFQQkIwz1mdBAH9kS1SBoq9Ee|JmhPuCIRHTq1WHfQIWdE77XuKVzQzUkqfJTburHB6z0=', 'MMYZ6nVQ1P488qXQTtn9k+oGVgofanFwXbNXP4yXVKU0mWQY5FC0ro5KEf8bE/fyCczDKX9+U3V1b2S2WrbWwnh8yWDYnYelobg4bCDljOHOjuxK3i8Mtran3Zt08/Dr|YX9NBbUSKnxfT7JZxTvg3nveOFdX0cERol6c7Ggy5G8='),
(212, 'RWHt/feig9eZvgWgnorXplUHz4RdJj6JdRYNsF9s9fw=', 'test12@gmail.com', '0', 1440506249, 0, 0, 1, 'joKR/yJUQnAbxaXvCfoRNzaZlCH7eA27XxqlUm29xPM=', '', '', '9FonM7baJlN+ThJHf7wF4m+rrhzV1nIG7dv0apmIhTMld7ptxvZokunE0NL4IRAltV9Z1EfqRFfPkyUj0omp/P6Rv/3TgoR0Zh0MBHZNec2QQcgvj9O0bHXn+i3YT4pj|kz9Eng/DGMfjNCNlPOKw180SBArTpVaA98blnCIPNEo=', 'HXaYWhfvkxtxbbDhkKjBddPmyBO9f7XA3kF47mjgnU21D02Gi/S+k60ANSfFP2nFS3rcmuIo3MhCzhNUsusf4N+HiT6YsCCnuGg5BXo92oIn1ThjdswS1Mo3H2vFRBGY|ce6VR+2aC+klvfHuoc/UYs06hko51cKF2ikVOKN2wJo='),
(243, '+gPVVg77ZiD0DtDtYNvkMCuFp73h4CG9Ya2/NwCBSM8=', 'valee27@gmail.com', '0', 1441723334, 0, 0, 1, 'ELlD4XLRLOj5FP07NyPMRPKcDWNrgq9xuvLbXxOvTLI=', '', '', '0bEiMb4LWNoA1de1CbOOSzhjADu9Sk9HKBebgR8DBRS0/BE8ktUVyH+Ob8NfZwIaYkBw5Dxszd3pHkkzKJ2bH5nCHXMP9uUZB/EQjfg+qtBQjfDSIMzgJIVqr+KU91Aj|0YtLYXlFAgTJzd51SIin3kRVhFb8fJSPdnEV/Zo5Jr0=', 'XQqxcPGcRs8LyEUw6IIZUauDs1Jm+d75kh2M+SGTZe1t9eGaOuQfGEQJjsiYwDAegjbhtyPrTcKp928+/GvZO7mXOA4auIWnliCa4C7TLPcBwHcx+jaa8wXhuDpv+yda|F0hHbxrwaafDtArvhJJx+QbL9N1hvJmrk2Hyr2CqzBs='),
(269, '5dj3o1sP8Vrc7kGYMkqJH9i94N/TOjjHd/+sICahl18=', 'test47@gmail.com', '0', 1468000870, 0, 0, 0, '', '', '', 'oaYabnGbXxPt4qQmU5jl9Tfy2Z+8rIJRJmrE/nvx7JzzdveZFC6ruqIzxMK1rhZ7r9WRFkaJVpndxh9SGXh0sHZx9jQhCPvcglvchg/sOLL3BRdlxBP7cgnGccwBscGY|9o4TfFWqSMad5TudEZCP4WccTy2k9pc9nsyf96HAu0w=', 'oaYabnGbXxPt4qQmU5jl9Tfy2Z+8rIJRJmrE/nvx7JzzdveZFC6ruqIzxMK1rhZ7r9WRFkaJVpndxh9SGXh0sHZx9jQhCPvcglvchg/sOLL3BRdlxBP7cgnGccwBscGY|9o4TfFWqSMad5TudEZCP4WccTy2k9pc9nsyf96HAu0w='),
(268, 'd13Xeyophow89lQADX3zT4gOqLBnOqJFRVaRXTEVFhs=', 'test46@gmail.com', '0', 1467756751, 0, 0, 0, '', '', '', '6tXHaeUHBP/wAXSv2VacNVsoQ0K3xyDzlnh9p3XCHS5sLqf0sLdyHHkg5PsyVts2UR1mis99l0ctpUe9/fZL/cwbDktYI8R5gPshlPeSiO/4XcE0E29a3lUsxrr3TXrI|PnUGv0CHmbF1b0XYet8/DK4FbcyaAWYc/B6/PmVdIA8=', '6tXHaeUHBP/wAXSv2VacNVsoQ0K3xyDzlnh9p3XCHS5sLqf0sLdyHHkg5PsyVts2UR1mis99l0ctpUe9/fZL/cwbDktYI8R5gPshlPeSiO/4XcE0E29a3lUsxrr3TXrI|PnUGv0CHmbF1b0XYet8/DK4FbcyaAWYc/B6/PmVdIA8='),
(270, 'jk7yBw8LEkX7HYtDha8eCqHOIL7/nPDyHaPatB8botY=', 'test48@gds.fr', '0', 1468338897, 0, 0, 0, '', '', '', 'q4ZIwDO/pglyj1ENrVPlcEHxnyeK6kEhSzJ39DzZBK9sSbU3cHjH7SGUXZcAV6/JNzhlU32UrOpmN4YpRCgVDet8IuL21DngU985aD2smkD6PTgHtxjBMIs+Qd73wBec|Nu09GohL0GhQz4j28UHTA3h3aq/9h5hAJAISp1jXjH4=', 'q4ZIwDO/pglyj1ENrVPlcEHxnyeK6kEhSzJ39DzZBK9sSbU3cHjH7SGUXZcAV6/JNzhlU32UrOpmN4YpRCgVDet8IuL21DngU985aD2smkD6PTgHtxjBMIs+Qd73wBec|Nu09GohL0GhQz4j28UHTA3h3aq/9h5hAJAISp1jXjH4='),
(271, 'XY+q+f3Jz39mr3dQofYJZd/5ktMau5nkwlkw/UZv2nc=', 'test49@ezfd.gr', '0', 1468579527, 0, 0, 0, '', '', '', '5oR9Mwb2qPP8cyax2p8TTiUxiGU+PSlLjpScFinuoCKTmQRSL5YmU9xrVNhdRN5Un225+s1xtMOMNuP9KGTqW2CYTlxuP0QYemhP6A3gDTFNrCOHzfZt26XAQJlAtGOb|dThvbH9Nn4uyofo+LmCGa4+FzbI6Kw0zpmKPq7h3p0I=', '5oR9Mwb2qPP8cyax2p8TTiUxiGU+PSlLjpScFinuoCKTmQRSL5YmU9xrVNhdRN5Un225+s1xtMOMNuP9KGTqW2CYTlxuP0QYemhP6A3gDTFNrCOHzfZt26XAQJlAtGOb|dThvbH9Nn4uyofo+LmCGa4+FzbI6Kw0zpmKPq7h3p0I=');

-- --------------------------------------------------------

--
-- Structure de la table `version`
--

CREATE TABLE IF NOT EXISTS `version` (
  `version_id` int(16) unsigned NOT NULL AUTO_INCREMENT,
  `version_name` varchar(32) NOT NULL,
  `version_time` int(16) NOT NULL,
  PRIMARY KEY (`version_id`)
) ENGINE=InnoDB  DEFAULT CHARSET=latin1 AUTO_INCREMENT=4 ;

--
-- Contenu de la table `version`
--

INSERT INTO `version` (`version_id`, `version_name`, `version_time`) VALUES
(1, '1.1.56', 0),
(2, '1.2.20', 0),
(3, '1.2.45', 0);

/*!40101 SET CHARACTER_SET_CLIENT=@OLD_CHARACTER_SET_CLIENT */;
/*!40101 SET CHARACTER_SET_RESULTS=@OLD_CHARACTER_SET_RESULTS */;
/*!40101 SET COLLATION_CONNECTION=@OLD_COLLATION_CONNECTION */;
