-- phpMyAdmin SQL Dump
-- version 4.1.14
-- http://www.phpmyadmin.net
--
-- Client :  127.0.0.1
-- Généré le :  Mer 03 Août 2016 à 22:15
-- Version du serveur :  5.6.17
-- Version de PHP :  5.5.12

SET SQL_MODE = "NO_AUTO_VALUE_ON_ZERO";
SET time_zone = "+00:00";


/*!40101 SET @OLD_CHARACTER_SET_CLIENT=@@CHARACTER_SET_CLIENT */;
/*!40101 SET @OLD_CHARACTER_SET_RESULTS=@@CHARACTER_SET_RESULTS */;
/*!40101 SET @OLD_COLLATION_CONNECTION=@@COLLATION_CONNECTION */;
/*!40101 SET NAMES utf8 */;

--
-- Base de données :  `mk`
--

-- --------------------------------------------------------

--
-- Structure de la table `admin`
--

CREATE TABLE IF NOT EXISTS `admin` (
  `admin_id` int(11) unsigned NOT NULL AUTO_INCREMENT,
  `admin_user_key` varchar(1024) NOT NULL,
  `admin_user_pwd` varchar(512) NOT NULL,
  `admin_user_id` int(11) NOT NULL,
  PRIMARY KEY (`admin_id`)
) ENGINE=InnoDB  DEFAULT CHARSET=latin1 AUTO_INCREMENT=2 ;

--
-- Contenu de la table `admin`
--

INSERT INTO `admin` (`admin_id`, `admin_user_key`, `admin_user_pwd`, `admin_user_id`) VALUES
(1, 'Wqtp72Kjs8BNhq0j1MCOthPaucmECRssMa+hbrGYhFfZSr1g8r4AnQfnUEF4dHB3s7en7gpCoHq0S6tg2vmMLWa95frY68PEwkO3kmxP0pUAtJ9kxD4eoDRjXI9V/d09|1eKDbYFmTKTW/kZ+qG3sjZfIoniPbt/FCl2M+fBDVsU=', '5Boe1sIs1nt7uz6D6KULL8d7ha2mRUxdYLWq0hN1KaQ=', 67);

-- --------------------------------------------------------

--
-- Structure de la table `alert`
--

CREATE TABLE IF NOT EXISTS `alert` (
  `alert_id` int(11) unsigned NOT NULL AUTO_INCREMENT,
  PRIMARY KEY (`alert_id`)
) ENGINE=InnoDB DEFAULT CHARSET=latin1 AUTO_INCREMENT=1 ;

-- --------------------------------------------------------

--
-- Structure de la table `ban`
--

CREATE TABLE IF NOT EXISTS `ban` (
  `ban_id` int(11) unsigned NOT NULL AUTO_INCREMENT,
  `ban_user_id` int(11) NOT NULL,
  `ban_reason` varchar(512) NOT NULL,
  `ban_time` int(11) NOT NULL,
  `ban_end_time` int(11) NOT NULL,
  PRIMARY KEY (`ban_id`)
) ENGINE=InnoDB DEFAULT CHARSET=latin1 AUTO_INCREMENT=1 ;

-- --------------------------------------------------------

--
-- Structure de la table `building`
--

CREATE TABLE IF NOT EXISTS `building` (
  `building_id` int(12) unsigned NOT NULL AUTO_INCREMENT,
  `building_name` varchar(128) NOT NULL,
  `building_cost` int(12) NOT NULL,
  `building_id_need` int(12) NOT NULL,
  `building_gold_income` int(12) NOT NULL,
  `building_petrol_income` int(12) NOT NULL,
  `building_description` varchar(512) NOT NULL,
  `building_img` varchar(128) NOT NULL,
  PRIMARY KEY (`building_id`)
) ENGINE=InnoDB  DEFAULT CHARSET=latin1 AUTO_INCREMENT=7 ;

--
-- Contenu de la table `building`
--

INSERT INTO `building` (`building_id`, `building_name`, `building_cost`, `building_id_need`, `building_gold_income`, `building_petrol_income`, `building_description`, `building_img`) VALUES
(1, 'fortress', 5, 0, 0, 0, 'fortress_description', 'glyphicon glyphicon-tower'),
(2, 'training_camp', 4, 0, 0, 0, 'training_camp_description', 'glyphicon glyphicon-tent'),
(3, 'gold_mine', 8, 1, 3, 0, 'gold_mine_description', 'gold.png'),
(4, 'silver_mine', 5, 2, 2, 0, 'silver_mine_description', 'silver.png'),
(5, 'iron_mine', 3, 3, 1, 0, 'iron_mine_description', 'iron.png'),
(6, 'government', 0, -1, 1, 0, 'government_description', 'fa fa-star');

-- --------------------------------------------------------

--
-- Structure de la table `buy`
--

CREATE TABLE IF NOT EXISTS `buy` (
  `buy_id` int(11) unsigned NOT NULL AUTO_INCREMENT,
  `buy_user_id` int(11) NOT NULL,
  `buy_turn_id` int(11) NOT NULL,
  `buy_game_id` int(11) NOT NULL,
  `buy_land_id` int(12) NOT NULL,
  `buy_units_nb` int(11) NOT NULL,
  `buy_build_id` int(11) NOT NULL,
  `buy_time` int(12) NOT NULL,
  PRIMARY KEY (`buy_id`)
) ENGINE=InnoDB  DEFAULT CHARSET=latin1 AUTO_INCREMENT=131 ;

--
-- Contenu de la table `buy`
--

INSERT INTO `buy` (`buy_id`, `buy_user_id`, `buy_turn_id`, `buy_game_id`, `buy_land_id`, `buy_units_nb`, `buy_build_id`, `buy_time`) VALUES
(1, 269, 69, 20, 6, 2, 0, 1469647796),
(2, 269, 69, 20, 8, 0, 1, 1469647835),
(3, 268, 70, 20, 16, 0, 2, 1469647996),
(4, 268, 70, 20, 16, 4, 0, 1469648005),
(5, 268, 70, 20, 16, 12, 0, 1469650290),
(6, 270, 72, 20, 14, 26, 0, 1469651023),
(7, 269, 73, 20, 3, 5, 0, 1469651047),
(8, 269, 73, 20, 9, 4, 0, 1469651054),
(9, 269, 73, 20, 8, 0, 2, 1469651071),
(10, 269, 73, 20, 1, 5, 0, 1469651091),
(11, 268, 78, 20, 16, 4, 0, 1469734920),
(12, 268, 94, 20, 16, 8, 0, 1469740647),
(13, 269, 105, 20, 3, 14, 0, 1469821430),
(14, 269, 105, 20, 8, 6, 0, 1469822637),
(15, 269, 105, 20, 9, 0, 1, 1469822648),
(16, 64, 106, 23, 40, 2, 0, 1469825038),
(17, 268, 112, 20, 16, 6, 0, 1469838603),
(18, 268, 112, 20, 40, 6, 0, 1469838752),
(19, 268, 112, 20, 40, 5, 0, 1469838779),
(20, 268, 112, 20, 41, 9, 0, 1469838932),
(21, 269, 113, 24, 40, 2, 0, 1469871482),
(22, 64, 114, 24, 16, 2, 0, 1469871591),
(23, 64, 116, 24, 16, 2, 0, 1469871656),
(24, 269, 117, 24, 40, 5, 0, 1469871711),
(25, 64, 118, 24, 16, 3, 0, 1469871748),
(26, 269, 119, 24, 40, 4, 0, 1469871807),
(27, 64, 120, 24, 9, 4, 0, 1469871880),
(28, 269, 121, 24, 40, 4, 0, 1469871995),
(29, 64, 122, 24, 10, 4, 0, 1469872029),
(30, 269, 123, 24, 42, 5, 0, 1469872129),
(31, 64, 124, 24, 10, 4, 0, 1469872176),
(32, 269, 125, 24, 42, 5, 0, 1469872362),
(33, 64, 126, 24, 14, 5, 0, 1469872381),
(34, 269, 127, 24, 43, 6, 0, 1469872519),
(35, 64, 128, 24, 37, 7, 0, 1469872546),
(36, 269, 129, 24, 45, 8, 0, 1469872669),
(37, 64, 130, 24, 38, 10, 0, 1469872706),
(38, 269, 131, 24, 29, 11, 0, 1469872825),
(39, 64, 132, 24, 5, 12, 0, 1469872872),
(40, 269, 133, 24, 32, 14, 0, 1469872939),
(41, 64, 134, 24, 4, 16, 0, 1469873000),
(42, 269, 135, 24, 25, 20, 0, 1469873063),
(43, 64, 136, 24, 18, 19, 0, 1469873137),
(44, 269, 137, 24, 26, 25, 0, 1469873186),
(45, 269, 139, 25, 30, 2, 0, 1469873352),
(46, 64, 140, 25, 42, 2, 0, 1469873369),
(47, 269, 141, 25, 32, 3, 0, 1469873441),
(48, 64, 142, 25, 42, 2, 0, 1469873462),
(49, 269, 143, 25, 31, 4, 0, 1469873493),
(50, 64, 144, 25, 39, 3, 0, 1469873511),
(51, 269, 145, 25, 29, 5, 0, 1469873575),
(52, 64, 146, 25, 40, 5, 0, 1469873597),
(53, 269, 147, 25, 46, 7, 0, 1469873643),
(54, 64, 148, 25, 9, 7, 0, 1469873676),
(55, 269, 149, 25, 44, 9, 0, 1469873717),
(56, 64, 150, 25, 8, 7, 0, 1469873750),
(57, 269, 151, 25, 45, 11, 0, 1469873793),
(58, 64, 152, 25, 8, 9, 0, 1469873831),
(59, 269, 153, 25, 34, 14, 0, 1469873877),
(60, 64, 154, 25, 18, 10, 0, 1469873915),
(61, 269, 155, 25, 45, 0, 1, 1469873993),
(62, 269, 155, 25, 45, 6, 0, 1469873999),
(63, 64, 156, 25, 38, 17, 0, 1469874027),
(64, 269, 157, 25, 45, 11, 0, 1469874079),
(65, 64, 158, 25, 7, 19, 0, 1469874109),
(66, 269, 159, 25, 32, 0, 1, 1469874185),
(67, 269, 159, 25, 32, 6, 0, 1469874193),
(68, 269, 159, 25, 38, 1, 0, 1469874212),
(69, 64, 160, 25, 23, 24, 0, 1469874243),
(70, 269, 161, 25, 38, 6, 0, 1469874316),
(71, 269, 161, 25, 42, 7, 0, 1469874322),
(72, 269, 164, 26, 73, 2, 0, 1469875132),
(73, 64, 165, 26, 94, 4, 0, 1469875168),
(74, 269, 166, 26, 66, 3, 0, 1469875217),
(75, 64, 167, 26, 91, 4, 0, 1469875235),
(76, 269, 168, 26, 66, 4, 0, 1469875318),
(77, 64, 169, 26, 91, 4, 0, 1469875338),
(78, 269, 170, 26, 66, 4, 0, 1469875397),
(79, 64, 171, 26, 91, 4, 0, 1469875434),
(80, 269, 172, 26, 62, 6, 0, 1469875487),
(81, 64, 173, 26, 92, 5, 0, 1469875519),
(82, 269, 174, 26, 56, 8, 0, 1469875599),
(83, 64, 175, 26, 91, 6, 0, 1469875625),
(84, 269, 176, 26, 52, 9, 0, 1469875823),
(85, 64, 177, 26, 89, 7, 0, 1469875853),
(86, 269, 178, 26, 73, 11, 0, 1469875934),
(87, 64, 179, 26, 86, 10, 0, 1469875972),
(88, 269, 180, 26, 76, 7, 0, 1469876012),
(89, 269, 180, 26, 77, 7, 0, 1469876018),
(90, 64, 181, 26, 81, 13, 0, 1469876032),
(91, 269, 182, 26, 73, 7, 0, 1469876224),
(92, 269, 182, 26, 77, 2, 0, 1469876234),
(93, 269, 182, 26, 76, 2, 0, 1469876239),
(94, 269, 182, 26, 73, 3, 0, 1469876248),
(95, 64, 183, 26, 84, 15, 0, 1469876259),
(96, 269, 184, 26, 71, 10, 0, 1469876400),
(97, 269, 184, 26, 73, 4, 0, 1469876408),
(98, 64, 185, 26, 79, 19, 0, 1469876433),
(99, 269, 186, 26, 77, 13, 0, 1469876583),
(100, 268, 188, 27, 9, 2, 0, 1469880579),
(101, 268, 190, 27, 9, 4, 0, 1469880589),
(102, 268, 192, 27, 10, 3, 0, 1469881614),
(103, 268, 192, 27, 9, 3, 0, 1469881619),
(104, 268, 194, 27, 35, 3, 0, 1469882247),
(105, 268, 194, 27, 35, 2, 0, 1469882266),
(106, 268, 194, 27, 10, 0, 5, 1469962557),
(107, 268, 194, 27, 8, 2, 0, 1469962818),
(108, 268, 198, 27, 8, 27, 0, 1469963001),
(109, 268, 199, 27, 18, 0, 5, 1469963032),
(110, 268, 201, 29, 42, 2, 0, 1469980840),
(111, 268, 203, 29, 42, 3, 0, 1469981246),
(112, 268, 205, 29, 42, 3, 0, 1469981261),
(113, 268, 209, 29, 43, 10, 0, 1469981322),
(114, 269, 210, 29, 32, 13, 0, 1469981596),
(115, 268, 211, 29, 41, 6, 0, 1469982411),
(116, 268, 213, 29, 40, 8, 0, 1469982453),
(117, 268, 215, 29, 16, 9, 0, 1469982572),
(118, 268, 217, 29, 10, 11, 0, 1469982606),
(119, 268, 219, 29, 15, 13, 0, 1469982791),
(120, 268, 221, 29, 11, 5, 0, 1469982854),
(121, 268, 221, 29, 35, 10, 0, 1469983072),
(122, 268, 223, 29, 37, 17, 0, 1469983461),
(123, 268, 227, 29, 14, 41, 0, 1469983823),
(124, 268, 229, 29, 17, 23, 0, 1469984089),
(125, 268, 231, 29, 37, 24, 0, 1469984299),
(126, 268, 233, 29, 18, 12, 0, 1469984490),
(127, 268, 237, 29, 46, 76, 0, 1470082979),
(128, 268, 241, 29, 24, 66, 0, 1470083323),
(129, 268, 256, 30, 41, 4, 0, 1470250863),
(130, 269, 257, 30, 42, 4, 0, 1470250990);

-- --------------------------------------------------------

--
-- Structure de la table `chat`
--

CREATE TABLE IF NOT EXISTS `chat` (
  `chat_id` int(12) unsigned NOT NULL AUTO_INCREMENT,
  `chat_game_id` int(12) NOT NULL,
  `chat_user_id` int(12) NOT NULL,
  `chat_message` varchar(256) NOT NULL,
  `chat_time` int(12) NOT NULL,
  PRIMARY KEY (`chat_id`)
) ENGINE=InnoDB  DEFAULT CHARSET=latin1 AUTO_INCREMENT=30 ;

--
-- Contenu de la table `chat`
--

INSERT INTO `chat` (`chat_id`, `chat_game_id`, `chat_user_id`, `chat_message`, `chat_time`) VALUES
(1, 29, 269, 'Test 1', 1470086492),
(2, 29, 268, 'Test 2 ', 1470086400),
(3, 29, 268, 'Test 2 ', 1470086455),
(4, 29, 268, 'Test 3', 1470086800),
(5, 29, 268, 'Test 2 ', 1470086900),
(6, 29, 268, 'Test 2 ', 1470086950),
(7, 29, 268, 'Test 2 ', 1470088000),
(8, 29, 268, 'test45', 1470089400),
(9, 29, 268, 'testAjax', 1470091240),
(10, 29, 268, 'testAjax', 1470091249),
(11, 29, 268, 'testAjax', 1470091252),
(12, 29, 268, 'essai', 1470091334),
(13, 29, 268, 'essai2', 1470091392),
(14, 29, 268, 'zaeaze', 1470091418),
(15, 29, 268, 'azeazezaezaeazezaeaz', 1470091461),
(16, 29, 268, 'az', 1470091527),
(17, 29, 269, 'azezfdscdzczeafezaf', 1470091527),
(18, 29, 268, 'alpha', 1470091641),
(19, 29, 268, 'zaeaze', 1470091677),
(20, 29, 268, 'essaiazdf', 1470091708),
(21, 29, 268, 'test', 1470154184),
(22, 29, 268, 'test2', 1470154210),
(23, 29, 268, '1234', 1470154962),
(24, 29, 268, '5678', 1470155000),
(25, 29, 268, 'test46', 1470155233),
(26, 29, 268, 'je fais des tests', 1470155488),
(27, 29, 200, '5678', 1470155000),
(28, 29, 268, 'je fais des tests 2', 1470249614),
(29, 29, 268, 'je fais des tests 3', 1470249626);

-- --------------------------------------------------------

--
-- Structure de la table `chat_read`
--

CREATE TABLE IF NOT EXISTS `chat_read` (
  `chat_read_id` int(12) unsigned NOT NULL AUTO_INCREMENT,
  `chat_read_game_id` int(12) NOT NULL,
  `chat_read_user_id` int(12) NOT NULL,
  `chat_read_time` int(12) NOT NULL,
  PRIMARY KEY (`chat_read_id`)
) ENGINE=InnoDB  DEFAULT CHARSET=latin1 AUTO_INCREMENT=15 ;

--
-- Contenu de la table `chat_read`
--

INSERT INTO `chat_read` (`chat_read_id`, `chat_read_game_id`, `chat_read_user_id`, `chat_read_time`) VALUES
(1, 29, 268, 1470086803),
(2, 29, 268, 1470089229),
(3, 29, 268, 1470089231),
(4, 29, 268, 1470089238),
(5, 29, 268, 1470089241),
(6, 29, 268, 1470089241),
(7, 29, 268, 1470089244),
(8, 29, 268, 1470089388),
(9, 29, 268, 1470089391),
(10, 29, 268, 1470089394),
(11, 29, 268, 1470089431),
(12, 29, 268, 1470091259),
(13, 29, 268, 1470091632),
(14, 29, 268, 1470163301);

-- --------------------------------------------------------

--
-- Structure de la table `color`
--

CREATE TABLE IF NOT EXISTS `color` (
  `color_id` int(12) unsigned NOT NULL AUTO_INCREMENT,
  `color_name` varchar(64) NOT NULL,
  `color_codeHex` varchar(128) NOT NULL,
  `color_code` varchar(128) NOT NULL,
  `color_css` varchar(128) NOT NULL,
  `color_font_chat` varchar(128) NOT NULL,
  `color_font_news` varchar(128) NOT NULL,
  `color_font_other` varchar(128) NOT NULL,
  `color_hide` int(11) NOT NULL,
  PRIMARY KEY (`color_id`)
) ENGINE=InnoDB  DEFAULT CHARSET=latin1 AUTO_INCREMENT=12 ;

--
-- Contenu de la table `color`
--

INSERT INTO `color` (`color_id`, `color_name`, `color_codeHex`, `color_code`, `color_css`, `color_font_chat`, `color_font_news`, `color_font_other`, `color_hide`) VALUES
(1, 'grey', '0x80;0x80;0x80;', '201;201;201;', 'C6C3C5', 'black', 'grey', 'grey', 1),
(2, 'red', '0xFF;0;0;', '255;0;0;', 'FF7373', 'white', 'red', 'red', 0),
(3, 'blue', '0;0;0xFF;', '0;0;255;', '2676FF', 'black', 'blue', 'blue', 0),
(4, 'green', '0;0xFF;0;', '0;255;0;', '26FF4E', 'black', 'green', '#00FF40', 0),
(5, 'yellow', '0xFF;0xFF;0x00;', '214;255;0;', 'E9FF51', 'black', '#D5D200', 'yellow', 0),
(6, 'black', '0x00;0x00;0x00;', '0;0;0;', '3C3C3C', 'white', 'black', 'black', 0),
(7, 'orange', '0xFF;0x99;0x00;', '255;165;0;', 'FF9A40', 'black', 'orange', 'orange', 0),
(8, 'purple', '0x80;0x00;0x80;', '255;0;219;', 'FF40D3', 'black', 'purple', '#FF63E3', 0),
(9, 'white', '', '252;255;249;', 'FFFAFA', 'black', 'white', 'white', 0),
(10, 'turquoise', '', '0;255;230;', '00FFE6', 'black', '#00FFE6', '#00FFE6', 0),
(11, 'pink', '', '239;0;255;', '00FFE6', 'white', '#EF00FF', '#EF00FF', 0);

-- --------------------------------------------------------

--
-- Structure de la table `continent`
--

CREATE TABLE IF NOT EXISTS `continent` (
  `continent_id` int(16) NOT NULL AUTO_INCREMENT,
  `continent_name` varchar(126) NOT NULL,
  `continent_bonus` int(16) NOT NULL,
  `continent_land_id_begin` int(16) NOT NULL,
  `continent_land_id_end` int(16) NOT NULL,
  `continent_hide` int(11) NOT NULL,
  `continent_map_id` int(11) NOT NULL,
  PRIMARY KEY (`continent_id`)
) ENGINE=InnoDB  DEFAULT CHARSET=latin1 AUTO_INCREMENT=8 ;

--
-- Contenu de la table `continent`
--

INSERT INTO `continent` (`continent_id`, `continent_name`, `continent_bonus`, `continent_land_id_begin`, `continent_land_id_end`, `continent_hide`, `continent_map_id`) VALUES
(1, 'Europe', 5, 1, 7, 0, 1),
(2, 'Asia', 7, 8, 19, 0, 1),
(3, 'North_America', 5, 20, 28, 0, 1),
(4, 'South_America', 2, 29, 32, 0, 1),
(5, 'Africa', 3, 33, 38, 0, 1),
(6, 'Oceania', 2, 39, 42, 0, 1),
(7, 'Antarctica', 2, 43, 47, 1, 1);

-- --------------------------------------------------------

--
-- Structure de la table `difficulty`
--

CREATE TABLE IF NOT EXISTS `difficulty` (
  `difficulty_id` int(12) unsigned NOT NULL AUTO_INCREMENT,
  `difficulty_name` varchar(256) NOT NULL,
  `difficulty_rate_bot_units` int(12) NOT NULL,
  `difficulty_rate_resources` int(12) NOT NULL,
  `difficulty_rate_oper` varchar(64) NOT NULL,
  `difficulty_rate_units_atk` int(12) NOT NULL,
  `difficulty_rate_units_def` int(12) NOT NULL,
  `difficulty_rate_atk_frt` int(12) NOT NULL,
  `difficulty_rate_def_pc` int(12) NOT NULL,
  `difficulty_rate_exec_atk` int(12) NOT NULL,
  `difficulty_rate_exec_def` int(12) NOT NULL,
  `difficulty_rate_exec_build` int(12) NOT NULL,
  `difficulty_marge_frt` int(12) NOT NULL,
  `difficulty_marge_pc` int(12) NOT NULL,
  `difficulty_build_mine` int(12) NOT NULL,
  PRIMARY KEY (`difficulty_id`)
) ENGINE=InnoDB  DEFAULT CHARSET=latin1 AUTO_INCREMENT=6 ;

--
-- Contenu de la table `difficulty`
--

INSERT INTO `difficulty` (`difficulty_id`, `difficulty_name`, `difficulty_rate_bot_units`, `difficulty_rate_resources`, `difficulty_rate_oper`, `difficulty_rate_units_atk`, `difficulty_rate_units_def`, `difficulty_rate_atk_frt`, `difficulty_rate_def_pc`, `difficulty_rate_exec_atk`, `difficulty_rate_exec_def`, `difficulty_rate_exec_build`, `difficulty_marge_frt`, `difficulty_marge_pc`, `difficulty_build_mine`) VALUES
(1, 'Very_easy', 50, 50, '+', 100, 80, 70, 70, 60, 60, 70, 30, 30, 70),
(2, 'Easy', 30, 30, '+', 90, 70, 60, 60, 70, 70, 80, 35, 35, 75),
(3, 'Normal', 0, 0, '+', 80, 60, 60, 60, 80, 80, 90, 40, 40, 80),
(4, 'Hard', 2, 30, '-', 70, 50, 50, 50, 90, 90, 95, 50, 50, 90),
(5, 'Very_hard', 4, 50, '-', 60, 40, 40, 40, 100, 100, 100, 60, 60, 100);

-- --------------------------------------------------------

--
-- Structure de la table `fight`
--

CREATE TABLE IF NOT EXISTS `fight` (
  `fight_id` int(12) unsigned NOT NULL AUTO_INCREMENT,
  `fight_game_id` int(12) NOT NULL,
  `fight_atk_user_id` int(12) NOT NULL,
  `fight_def_user_id` int(12) NOT NULL,
  `fight_atk_land_id` int(12) NOT NULL,
  `fight_def_land_id` int(12) NOT NULL,
  `fight_atk_nb_units` int(11) NOT NULL,
  `fight_def_nb_units` int(11) NOT NULL,
  `fight_atk_lost_unit` int(12) NOT NULL,
  `fight_def_lost_unit` int(12) NOT NULL,
  `fight_atk_units` varchar(2048) NOT NULL,
  `fight_def_units` varchar(2048) NOT NULL,
  `fight_thimble_atk` varchar(2048) NOT NULL,
  `fight_thimble_def` varchar(2048) NOT NULL,
  `fight_time` int(12) NOT NULL,
  `fight_turn_id` int(12) NOT NULL,
  `fight_conquest` int(12) NOT NULL,
  PRIMARY KEY (`fight_id`)
) ENGINE=InnoDB  DEFAULT CHARSET=latin1 AUTO_INCREMENT=213 ;

--
-- Contenu de la table `fight`
--

INSERT INTO `fight` (`fight_id`, `fight_game_id`, `fight_atk_user_id`, `fight_def_user_id`, `fight_atk_land_id`, `fight_def_land_id`, `fight_atk_nb_units`, `fight_def_nb_units`, `fight_atk_lost_unit`, `fight_def_lost_unit`, `fight_atk_units`, `fight_def_units`, `fight_thimble_atk`, `fight_thimble_def`, `fight_time`, `fight_turn_id`, `fight_conquest`) VALUES
(1, 20, 268, 0, 16, 40, 5, 3, 3, 3, '/5/3/2', '/3/3/2', '/5;2;1;1;/5;1;1;/4;3;', '/5;5;/4;4;/3;1;', 1469838632, 112, 1),
(2, 20, 268, 0, 40, 41, 5, 3, 1, 3, '/5/5/4', '/3/1/1', '/6;6;2;/5;3;2;/5;2;2;', '/3;3;/6;/1;', 1469838764, 112, 1),
(3, 20, 268, 0, 40, 42, 5, 3, 5, 1, '/5/3/1/1', '/3/3/3/2', '/3;2;2;/3;1;1;/4;/4;', '/5;2;/5;5;/3;1;/6;5;', 1469838788, 112, 0),
(4, 20, 268, 0, 41, 39, 3, 3, 3, 1, '/3/2', '/3/2', '/6;5;1;/4;3;', '/6;3;/6;4;', 1469838904, 112, 0),
(5, 20, 268, 0, 40, 42, 5, 1, 2, 1, '/5/4/3', '/1/1/1', '/5;3;3;/3;3;2;/6;6;3;', '/5;/3;/5;', 1469839037, 112, 1),
(6, 20, 268, 0, 41, 39, 9, 1, 0, 1, '/9', '/1', '/6;4;4;', '/5;', 1469839045, 112, 1),
(7, 24, 269, 0, 40, 41, 5, 3, 0, 3, '/5/5', '/3/1', '/6;6;2;/6;4;1;', '/2;1;/3;', 1469871607, 115, 1),
(8, 24, 64, 0, 16, 10, 7, 3, 4, 3, '/7/7/6/5/4/3', '/3/1/1/1/1/1', '/6;6;3;/6;6;5;/6;3;2;/2;2;1;/6;5;2;/4;4;4;', '/4;1;/6;/6;/3;/6;/3;', 1469871664, 116, 1),
(9, 24, 269, 0, 40, 42, 5, 3, 1, 3, '/5/5/4', '/3/1/1', '/6;5;3;/5;5;4;/5;2;1;', '/4;3;/6;/4;', 1469871723, 117, 1),
(10, 24, 64, 0, 16, 9, 4, 3, 1, 3, '/4/4/3', '/3/1/1', '/6;4;3;/4;3;2;/6;5;3;', '/5;1;/5;/2;', 1469871770, 118, 1),
(11, 24, 269, 0, 42, 39, 7, 3, 7, 1, '/7/6/4/2', '/3/2/2/2', '/3;3;1;/5;4;1;/5;3;1;/5;3;', '/4;2;/6;4;/6;6;/5;3;', 1469871826, 119, 0),
(12, 24, 64, 0, 10, 14, 4, 3, 0, 3, '/4/4', '/3/1', '/5;3;2;/6;2;1;', '/3;1;/3;', 1469871909, 120, 1),
(13, 24, 269, 64, 40, 16, 8, 4, 2, 4, '/8/6', '/4/3', '/5;4;3;/5;4;4;', '/6;4;1;/3;1;1;', 1469872001, 121, 1),
(14, 24, 64, 269, 10, 16, 7, 6, 7, 3, '/7/4/4/1', '/6/6/3/3', '/4;3;2;/6;5;3;/4;3;1;/6;', '/4;3;2;/5;3;2;/6;6;1;/6;1;1;', 1469872051, 122, 0),
(15, 24, 269, 0, 42, 39, 5, 1, 0, 1, '/5', '/1', '/6;6;5;', '/5;', 1469872135, 123, 1),
(16, 24, 64, 269, 10, 16, 4, 1, 0, 1, '/4', '/1', '/6;5;3;', '/1;', 1469872184, 124, 1),
(17, 24, 64, 0, 14, 35, 3, 3, 3, 0, '/3/1', '/3/3', '/6;5;1;/1;', '/6;5;/6;2;', 1469872233, 124, 0),
(18, 24, 269, 0, 42, 43, 5, 3, 0, 3, '/5/5', '/3/1', '/6;5;2;/4;3;1;', '/4;3;/2;', 1469872367, 125, 1),
(19, 24, 64, 0, 35, 37, 4, 3, 2, 3, '/4/2/2', '/3/3/1', '/3;1;1;/6;4;/5;1;', '/4;4;/4;2;/1;', 1469872452, 126, 1),
(20, 24, 269, 0, 43, 44, 4, 3, 4, 1, '/4/2/1', '/3/3/2', '/4;4;2;/6;1;/1;', '/6;4;/5;5;/5;2;', 1469872513, 127, 0),
(21, 24, 269, 0, 43, 44, 6, 1, 0, 1, '/6', '/1', '/3;2;1;', '/2;', 1469872525, 127, 1),
(22, 24, 269, 0, 44, 45, 5, 3, 2, 3, '/5/4/3', '/3/2/1', '/5;2;1;/5;3;3;/3;3;2;', '/4;3;/4;4;/1;', 1469872533, 127, 1),
(23, 24, 64, 0, 37, 34, 8, 3, 3, 3, '/8/7/5', '/3/2/2', '/6;5;2;/2;2;1;/5;4;2;', '/6;1;/5;5;/4;1;', 1469872556, 128, 1),
(24, 24, 64, 0, 34, 33, 4, 4, 0, 4, '/4/4', '/4/2', '/3;3;1;/5;4;1;', '/2;1;/4;1;', 1469872570, 128, 1),
(25, 24, 64, 0, 33, 38, 3, 3, 1, 3, '/3/2', '/3/2', '/6;1;1;/6;5;', '/1;1;/4;1;', 1469872584, 128, 1),
(26, 24, 269, 0, 45, 46, 10, 3, 1, 3, '/10/9', '/3/2', '/5;5;1;/6;4;2;', '/6;4;/3;1;', 1469872675, 129, 1),
(27, 24, 269, 0, 46, 47, 8, 3, 0, 3, '/8/8', '/3/1', '/6;6;5;/5;3;3;', '/4;2;/3;', 1469872681, 129, 1),
(28, 24, 269, 0, 47, 29, 7, 3, 3, 3, '/7/6/5/4', '/3/2/1/1', '/5;4;1;/6;1;1;/5;5;4;/6;6;6;', '/5;2;/5;2;/6;/4;', 1469872687, 129, 1),
(29, 24, 269, 0, 29, 31, 3, 3, 3, 1, '/3/2', '/3/2', '/5;5;4;/4;3;', '/5;1;/6;4;', 1469872693, 129, 0),
(30, 24, 64, 0, 38, 36, 11, 3, 2, 3, '/11/10/9', '/3/2/1', '/5;2;1;/6;2;1;/5;4;1;', '/3;2;/6;1;/1;', 1469872713, 130, 1),
(31, 24, 64, 0, 14, 5, 8, 4, 5, 4, '/8/7/5/3/3', '/4/3/3/3/1', '/3;1;1;/3;2;1;/1;1;1;/3;2;1;/6;3;2;', '/1;1;/6;5;/5;3;/2;1;/2;', 1469872782, 130, 1),
(32, 24, 269, 0, 29, 31, 11, 1, 0, 1, '/11', '/1', '/6;3;1;', '/2;', 1469872831, 131, 1),
(33, 24, 269, 0, 31, 30, 10, 3, 4, 3, '/10/8/7/6', '/3/3/2/1', '/4;1;1;/4;3;2;/4;3;2;/6;3;1;', '/4;2;/3;3;/4;1;/1;', 1469872835, 131, 1),
(34, 24, 269, 0, 30, 32, 5, 3, 1, 3, '/5/5/4', '/3/1/1', '/5;5;1;/6;4;2;/2;1;1;', '/2;2;/6;/1;', 1469872847, 131, 1),
(35, 24, 269, 0, 32, 22, 3, 3, 3, 1, '/3/2', '/3/2', '/6;4;2;/3;3;', '/6;1;/6;5;', 1469872856, 131, 0),
(36, 24, 64, 0, 5, 7, 14, 3, 0, 3, '/14/14', '/3/1', '/6;5;1;/5;5;2;', '/2;1;/4;', 1469872885, 132, 1),
(37, 24, 64, 0, 7, 3, 13, 4, 3, 4, '/13/13/11/10', '/4/2/2/1', '/5;4;1;/5;5;1;/6;3;2;/6;4;2;', '/3;2;/6;5;/6;1;/4;', 1469872898, 132, 1),
(38, 24, 64, 0, 3, 1, 9, 3, 3, 3, '/9/7/6', '/3/3/2', '/6;3;1;/4;4;3;/6;2;1;', '/6;3;/4;2;/4;1;', 1469872911, 132, 1),
(39, 24, 64, 0, 1, 4, 5, 3, 4, 3, '/5/4/2/1', '/3/2/2/1', '/5;4;2;/6;3;2;/6;1;/6;', '/5;2;/6;3;/4;1;/3;', 1469872919, 132, 1),
(40, 24, 269, 0, 32, 22, 14, 1, 0, 1, '/14', '/1', '/5;1;1;', '/1;', 1469872947, 133, 1),
(41, 24, 269, 0, 22, 28, 13, 4, 3, 4, '/13/12/10/10', '/4/3/3/1', '/4;4;4;/3;3;3;/6;3;1;/5;3;2;', '/4;1;/5;4;/3;1;/4;', 1469872952, 133, 1),
(42, 24, 269, 0, 28, 23, 9, 3, 2, 3, '/9/8/7', '/3/2/1', '/4;2;1;/5;3;3;/6;5;1;', '/3;2;/4;3;/3;', 1469872969, 133, 1),
(43, 24, 269, 0, 23, 26, 6, 4, 0, 4, '/6/6', '/4/2', '/6;5;3;/6;3;1;', '/5;3;/3;2;', 1469872974, 133, 1),
(44, 24, 269, 0, 26, 21, 5, 3, 1, 3, '/5/4', '/3/2', '/6;3;2;/6;5;1;', '/6;1;/5;4;', 1469872979, 133, 1),
(45, 24, 269, 0, 21, 25, 3, 3, 0, 3, '/3/3', '/3/1', '/5;3;2;/5;4;1;', '/1;1;/2;', 1469872986, 133, 1),
(46, 24, 64, 0, 4, 6, 16, 4, 4, 4, '/16/14/13/13/12', '/4/4/3/1/1', '/5;3;1;/5;2;1;/6;5;5;/2;1;1;/3;2;1;', '/5;5;/4;3;/3;2;/2;/2;', 1469873012, 134, 1),
(47, 24, 64, 0, 6, 18, 11, 4, 3, 4, '/11/9/8/8', '/4/4/3/1', '/4;3;1;/6;3;2;/4;3;3;/6;1;1;', '/6;5;/6;1;/2;1;/4;', 1469873022, 134, 1),
(48, 24, 64, 0, 18, 8, 7, 4, 3, 4, '/7/7/5/4', '/4/2/2/1', '/5;4;2;/4;3;1;/5;3;1;/6;3;1;', '/4;2;/4;3;/5;2;/5;', 1469873033, 134, 1),
(49, 24, 269, 0, 25, 20, 22, 3, 4, 3, '/22/20/19/18', '/3/3/2/1', '/5;3;3;/5;2;1;/5;4;3;/6;4;3;', '/6;6;/4;4;/6;3;/5;', 1469873071, 135, 1),
(50, 24, 269, 0, 20, 13, 17, 3, 1, 3, '/17/16', '/3/2', '/5;3;2;/5;4;2;', '/5;2;/3;1;', 1469873077, 135, 1),
(51, 24, 269, 0, 13, 15, 15, 4, 0, 4, '/15/15', '/4/2', '/6;6;2;/6;5;4;', '/4;4;/5;2;', 1469873090, 135, 1),
(52, 24, 269, 0, 15, 12, 14, 3, 0, 3, '/14/14', '/3/1', '/5;2;1;/4;4;3;', '/4;1;/1;', 1469873096, 135, 1),
(53, 24, 269, 0, 13, 19, 13, 4, 6, 4, '/13/13/11/9/8/7', '/4/2/2/2/1/1', '/6;5;3;/5;2;1;/5;1;1;/5;2;1;/5;4;1;/6;4;3;', '/5;2;/5;3;/6;5;/2;2;/5;/4;', 1469873113, 135, 1),
(54, 24, 269, 0, 19, 11, 6, 4, 6, 2, '/6/6/4/2', '/4/2/2/2', '/5;4;3;/5;4;2;/6;4;3;/2;1;', '/3;1;/5;5;/6;5;/4;2;', 1469873118, 135, 0),
(55, 24, 64, 0, 18, 17, 19, 4, 2, 4, '/19/17/17', '/4/4/2', '/5;4;2;/5;3;3;/6;4;2;', '/6;5;/4;2;/3;2;', 1469873144, 136, 1),
(56, 24, 64, 0, 17, 11, 16, 2, 1, 2, '/16/15', '/2/1', '/2;2;1;/5;4;2;', '/4;1;/3;', 1469873152, 136, 1),
(57, 24, 269, 0, 26, 27, 25, 3, 4, 3, '/25/24/22/21', '/3/2/2/1', '/6;4;3;/6;2;2;/5;3;1;/4;2;2;', '/6;2;/6;5;/5;2;/1;', 1469873193, 137, 1),
(58, 24, 269, 0, 27, 24, 20, 3, 0, 3, '/20/20', '/3/1', '/6;4;1;/6;5;3;', '/5;1;/1;', 1469873197, 137, 1),
(59, 24, 269, 0, 24, 2, 19, 3, 1, 3, '/19/18', '/3/2', '/6;5;2;/6;6;2;', '/6;4;/2;1;', 1469873204, 137, 1),
(60, 25, 269, 0, 30, 32, 5, 3, 1, 3, '/5/4', '/3/2', '/5;1;1;/6;4;2;', '/4;2;/3;1;', 1469873356, 139, 1),
(61, 25, 64, 0, 42, 39, 5, 3, 5, 1, '/5/4/2', '/3/2/2', '/5;1;1;/6;3;2;/3;1;', '/2;1;/6;3;/6;2;', 1469873376, 140, 0),
(62, 25, 269, 0, 32, 31, 6, 3, 4, 3, '/6/5/3/2', '/3/2/2/1', '/3;3;2;/2;2;1;/6;2;2;/6;6;', '/5;2;/4;2;/4;2;/3;', 1469873447, 141, 1),
(63, 25, 64, 0, 42, 39, 2, 1, 0, 1, '/2', '/1', '/3;3;', '/1;', 1469873469, 142, 1),
(64, 25, 269, 0, 31, 29, 5, 3, 1, 3, '/5/5/4', '/3/1/1', '/6;5;3;/6;5;2;/6;2;1;', '/5;4;/6;/2;', 1469873499, 143, 1),
(65, 25, 64, 0, 39, 41, 4, 3, 0, 3, '/4/4', '/3/1', '/5;4;3;/5;3;1;', '/4;2;/3;', 1469873541, 144, 1),
(66, 25, 64, 0, 41, 40, 3, 3, 0, 3, '/3/3', '/3/1', '/6;4;1;/6;3;3;', '/5;2;/4;', 1469873551, 144, 1),
(67, 25, 269, 0, 29, 47, 8, 3, 3, 3, '/8/7/5', '/3/2/2', '/3;3;2;/3;1;1;/5;4;1;', '/6;1;/3;1;/4;3;', 1469873581, 145, 1),
(68, 25, 269, 0, 47, 46, 4, 3, 2, 3, '/4/2/2', '/3/3/1', '/4;2;1;/6;4;/5;3;', '/6;2;/5;1;/1;', 1469873587, 145, 1),
(69, 25, 64, 0, 40, 16, 7, 3, 0, 3, '/7/7', '/3/1', '/6;5;4;/6;1;1;', '/5;4;/3;', 1469873605, 146, 1),
(70, 25, 64, 0, 16, 9, 6, 3, 4, 3, '/6/4/3/2', '/3/3/2/1', '/6;4;3;/3;3;1;/4;4;4;/6;5;', '/6;5;/3;2;/6;1;/5;', 1469873616, 146, 1),
(71, 25, 269, 0, 46, 45, 8, 3, 4, 3, '/8/6/4/4', '/3/3/3/1', '/5;4;2;/6;5;1;/6;5;3;/6;5;5;', '/5;5;/6;5;/5;4;/4;', 1469873649, 147, 1),
(72, 25, 269, 0, 45, 44, 3, 3, 0, 3, '/3/3', '/3/1', '/5;4;1;/4;3;1;', '/2;1;/2;', 1469873657, 147, 1),
(73, 25, 64, 0, 9, 8, 8, 4, 4, 4, '/8/6/6/4', '/4/4/2/2', '/6;4;3;/6;5;4;/4;2;2;/6;5;1;', '/6;5;/4;4;/6;2;/4;1;', 1469873689, 148, 1),
(74, 25, 64, 0, 8, 14, 3, 3, 3, 2, '/3/2/1', '/3/2/1', '/6;3;1;/5;3;/1;', '/5;3;/5;2;/5;', 1469873703, 148, 0),
(75, 25, 269, 0, 44, 43, 11, 3, 1, 3, '/11/11/10', '/3/1/1', '/6;2;1;/5;4;3;/5;3;2;', '/2;1;/5;/4;', 1469873723, 149, 1),
(76, 25, 269, 64, 43, 42, 9, 1, 0, 1, '/9', '/1', '/6;6;2;', '/2;', 1469873731, 149, 1),
(77, 25, 64, 0, 8, 14, 7, 2, 0, 2, '/7', '/2', '/4;3;2;', '/1;1;', 1469873760, 150, 1),
(78, 25, 64, 0, 14, 10, 6, 3, 2, 3, '/6/5/4', '/3/2/1', '/6;5;3;/6;5;3;/5;2;1;', '/6;1;/6;3;/1;', 1469873767, 150, 1),
(79, 25, 269, 0, 45, 38, 11, 3, 2, 3, '/11/9/9', '/3/3/1', '/4;4;3;/6;4;2;/5;1;1;', '/5;4;/4;1;/1;', 1469873799, 151, 1),
(80, 25, 269, 0, 38, 36, 8, 3, 2, 3, '/8/7/6', '/3/2/1', '/4;2;1;/6;5;3;/6;5;2;', '/3;2;/6;1;/5;', 1469873806, 151, 1),
(81, 25, 269, 0, 36, 34, 5, 3, 4, 3, '/5/4/2/1', '/3/2/2/1', '/4;4;3;/3;3;2;/6;6;/5;', '/4;3;/5;3;/6;2;/3;', 1469873810, 151, 1),
(82, 25, 64, 0, 8, 18, 9, 4, 6, 4, '/9/7/7/5/3', '/4/4/2/2/2', '/6;4;1;/6;6;5;/6;2;2;/3;3;2;/6;2;2;', '/6;6;/2;1;/6;6;/6;4;/5;1;', 1469873847, 152, 1),
(83, 25, 269, 0, 34, 35, 14, 3, 2, 3, '/14/13/12', '/3/2/1', '/3;2;1;/5;3;1;/5;3;3;', '/2;2;/5;2;/4;', 1469873883, 153, 1),
(84, 25, 269, 0, 35, 5, 11, 4, 1, 4, '/11/10/10', '/4/3/1', '/4;4;1;/5;3;2;/5;4;1;', '/6;2;/4;2;/4;', 1469873889, 153, 1),
(85, 25, 269, 0, 5, 3, 9, 4, 5, 4, '/9/8/6/4/4', '/4/3/3/3/1', '/5;3;1;/6;5;3;/4;2;2;/6;5;1;/5;5;2;', '/5;1;/6;5;/5;3;/2;1;/4;', 1469873897, 153, 1),
(86, 25, 269, 0, 3, 4, 3, 3, 3, 2, '/3/3/2/1', '/3/1/1/1', '/6;4;3;/3;2;1;/3;1;/1;', '/5;2;/6;/6;/3;', 1469873903, 153, 0),
(87, 25, 64, 0, 18, 6, 12, 4, 2, 4, '/12/12/10', '/4/2/2', '/5;4;2;/4;3;1;/4;4;3;', '/4;1;/5;4;/2;1;', 1469873921, 154, 1),
(88, 25, 64, 269, 6, 3, 9, 1, 0, 1, '/9', '/1', '/5;4;1;', '/4;', 1469873933, 154, 1),
(89, 25, 64, 269, 3, 5, 8, 1, 0, 1, '/8', '/1', '/3;3;3;', '/1;', 1469873942, 154, 1),
(90, 25, 64, 269, 5, 35, 7, 1, 1, 1, '/7/6', '/1/1', '/6;3;1;/4;1;1;', '/6;/1;', 1469873949, 154, 1),
(91, 25, 64, 269, 35, 34, 5, 1, 1, 1, '/5/4', '/1/1', '/2;1;1;/6;3;1;', '/3;/4;', 1469873958, 154, 1),
(92, 25, 64, 269, 34, 38, 3, 1, 0, 1, '/3', '/1', '/6;5;4;', '/5;', 1469873965, 154, 1),
(93, 25, 64, 269, 38, 36, 2, 1, 0, 1, '/2', '/1', '/4;2;', '/3;', 1469873971, 154, 1),
(94, 25, 64, 0, 38, 33, 17, 4, 1, 4, '/17/16/16', '/4/3/1', '/6;4;3;/6;6;6;/6;2;2;', '/6;1;/3;1;/4;', 1469874035, 156, 1),
(95, 25, 64, 0, 33, 37, 15, 3, 2, 3, '/15/13/13', '/3/3/1', '/6;3;2;/6;4;1;/6;6;5;', '/6;5;/3;3;/2;', 1469874041, 156, 1),
(96, 25, 64, 0, 37, 7, 12, 3, 6, 3, '/12/10/8/6/6', '/3/3/3/3/1', '/4;3;2;/4;3;3;/3;2;2;/3;2;1;/6;5;3;', '/6;4;/5;5;/5;4;/1;1;/3;', 1469874047, 156, 1),
(97, 25, 64, 0, 7, 1, 5, 3, 5, 2, '/5/3/3/2/1', '/3/3/1/1/1', '/4;3;1;/6;5;3;/3;3;1;/3;1;/3;', '/6;3;/4;3;/3;/6;/5;', 1469874053, 156, 0),
(98, 25, 269, 64, 45, 38, 17, 1, 0, 1, '/17', '/1', '/3;2;1;', '/1;', 1469874085, 157, 1),
(99, 25, 64, 0, 7, 1, 19, 2, 2, 2, '/19/17', '/2/2', '/4;2;1;/4;3;3;', '/6;3;/3;2;', 1469874115, 158, 1),
(100, 25, 64, 0, 1, 2, 16, 3, 1, 3, '/16/16/15', '/3/1/1', '/6;5;4;/6;5;2;/5;5;1;', '/3;1;/6;/3;', 1469874127, 158, 1),
(101, 25, 64, 0, 2, 24, 14, 3, 3, 3, '/14/13/11', '/3/2/2', '/6;3;2;/3;3;2;/4;4;3;', '/5;3;/6;3;/3;1;', 1469874133, 158, 1),
(102, 25, 64, 0, 24, 27, 10, 3, 3, 3, '/10/8/8/7', '/3/3/1/1', '/5;2;1;/6;6;5;/4;3;1;/5;4;1;', '/6;3;/2;1;/5;/3;', 1469874141, 158, 1),
(103, 25, 64, 0, 27, 23, 6, 3, 0, 3, '/6/6', '/3/1', '/5;2;2;/2;2;2;', '/4;1;/1;', 1469874152, 158, 1),
(104, 25, 64, 0, 23, 22, 5, 3, 1, 3, '/5/5/4', '/3/1/1', '/6;4;3;/6;6;3;/6;3;3;', '/5;1;/6;/5;', 1469874165, 158, 1),
(105, 25, 269, 64, 38, 36, 16, 2, 8, 2, '/16/14/12/10/8', '/2/2/2/2/2', '/1;1;1;/2;1;1;/4;2;1;/4;3;3;/5;5;2;', '/5;5;/6;1;/5;3;/6;4;/3;2;', 1469874199, 159, 1),
(106, 25, 64, 0, 23, 28, 24, 4, 3, 4, '/24/22/22/21', '/4/4/2/1', '/4;2;1;/5;4;2;/4;3;3;/6;6;4;', '/6;5;/3;3;/6;1;/1;', 1469874250, 160, 1),
(107, 25, 64, 0, 28, 21, 20, 3, 1, 3, '/20/19', '/3/2', '/4;3;1;/6;6;1;', '/6;2;/5;5;', 1469874262, 160, 1),
(108, 25, 64, 0, 21, 26, 18, 4, 6, 4, '/18/18/16/14/12', '/4/2/2/2/2', '/6;4;3;/5;3;2;/5;2;1;/6;2;2;/6;6;5;', '/5;3;/5;4;/6;2;/6;6;/3;3;', 1469874275, 160, 1),
(109, 25, 64, 0, 26, 25, 11, 3, 3, 3, '/11/9/8', '/3/3/2', '/4;2;2;/5;2;1;/5;5;5;', '/5;2;/2;2;/1;1;', 1469874282, 160, 1),
(110, 25, 64, 0, 25, 20, 7, 3, 4, 3, '/7/5/4/3', '/3/3/2/1', '/2;2;1;/6;6;1;/5;5;1;/5;3;2;', '/4;4;/6;1;/5;4;/4;', 1469874291, 160, 1),
(111, 25, 269, 64, 42, 39, 15, 1, 0, 1, '/15', '/1', '/4;4;3;', '/3;', 1469874326, 161, 1),
(112, 25, 269, 64, 39, 41, 14, 1, 0, 1, '/14', '/1', '/6;6;5;', '/3;', 1469874330, 161, 1),
(113, 25, 269, 64, 41, 40, 13, 1, 0, 1, '/13', '/1', '/6;3;2;', '/1;', 1469874334, 161, 1),
(114, 25, 269, 64, 40, 16, 12, 1, 0, 1, '/12', '/1', '/6;5;1;', '/3;', 1469874340, 161, 1),
(115, 25, 269, 64, 38, 33, 14, 1, 0, 1, '/14', '/1', '/5;3;2;', '/3;', 1469874344, 161, 1),
(116, 25, 269, 64, 33, 34, 13, 1, 0, 1, '/13', '/1', '/5;5;2;', '/3;', 1469874351, 161, 1),
(117, 25, 269, 64, 34, 37, 12, 1, 0, 1, '/12', '/1', '/6;2;1;', '/1;', 1469874356, 161, 1),
(118, 25, 269, 64, 37, 35, 11, 1, 2, 1, '/11/10/9', '/1/1/1', '/4;4;1;/5;4;4;/5;4;2;', '/5;/6;/2;', 1469874360, 161, 1),
(119, 26, 269, 0, 73, 72, 5, 3, 0, 3, '/5/5', '/3/1', '/5;2;1;/5;4;2;', '/2;1;/3;', 1469875140, 164, 1),
(120, 26, 64, 0, 94, 93, 8, 3, 1, 3, '/8/7', '/3/2', '/3;3;1;/6;5;1;', '/4;2;/3;2;', 1469875179, 165, 1),
(121, 26, 64, 0, 93, 91, 6, 3, 5, 3, '/6/4/4/3/2/1', '/3/3/1/1/1/1', '/3;1;1;/4;4;3;/3;3;3;/6;6;2;/5;3;/5;', '/4;3;/3;2;/5;/6;/5;/2;', 1469875188, 165, 1),
(122, 26, 269, 0, 72, 66, 4, 3, 2, 3, '/4/3/2', '/3/2/1', '/6;5;4;/4;3;2;/6;5;', '/6;4;/5;2;/1;', 1469875209, 166, 1),
(123, 26, 269, 0, 66, 67, 4, 4, 4, 1, '/4/3/1', '/4/3/3', '/4;4;3;/4;3;3;/5;', '/4;3;/4;4;/5;2;', 1469875223, 166, 0),
(124, 26, 64, 0, 91, 92, 4, 4, 4, 3, '/4/3/2/1', '/4/3/2/1', '/4;4;4;/6;1;1;/4;4;/2;', '/5;1;/4;4;/6;2;/4;', 1469875243, 167, 0),
(125, 26, 269, 0, 66, 67, 4, 1, 4, 0, '/4/3/2/1', '/1/1/1/1', '/5;4;1;/5;1;1;/4;2;/2;', '/6;/6;/6;/4;', 1469875329, 168, 0),
(126, 26, 64, 0, 91, 92, 4, 3, 4, 0, '/4/2', '/3/3', '/5;3;1;/3;1;', '/5;4;/6;5;', 1469875352, 169, 0),
(127, 26, 269, 0, 67, 62, 3, 3, 2, 3, '/3/2/1', '/3/2/1', '/5;2;1;/5;4;/5;', '/3;3;/5;2;/1;', 1469875411, 170, 1),
(128, 26, 64, 0, 92, 90, 3, 3, 3, 1, '/3/2', '/3/2', '/6;1;1;/1;1;', '/3;2;/6;3;', 1469875466, 171, 0),
(129, 26, 269, 0, 62, 55, 6, 3, 0, 3, '/6/6', '/3/1', '/5;5;1;/6;5;1;', '/2;1;/1;', 1469875494, 172, 1),
(130, 26, 269, 0, 55, 56, 5, 3, 0, 3, '/5/5', '/3/1', '/6;6;2;/6;2;1;', '/4;3;/4;', 1469875502, 172, 1),
(131, 26, 64, 0, 92, 90, 5, 1, 1, 1, '/5/4', '/1/1', '/3;1;1;/5;5;4;', '/5;/3;', 1469875525, 173, 1),
(132, 26, 269, 0, 56, 52, 12, 4, 10, 4, '/12/10/9/8/6/4/2', '/4/4/3/2/2/2/2', '/5;4;1;/4;4;1;/6;4;1;/3;2;2;/2;2;1;/5;4;3;/6;2;', '/6;5;/5;1;/6;3;/5;3;/5;3;/5;4;/4;1;', 1469875605, 174, 1),
(133, 26, 64, 0, 91, 89, 9, 4, 0, 4, '/9/9', '/4/2', '/6;4;2;/5;5;5;', '/2;1;/3;2;', 1469875631, 175, 1),
(134, 26, 64, 0, 89, 87, 8, 4, 8, 1, '/8/7/5/3/1', '/4/3/3/3/3', '/4;3;3;/4;1;1;/5;4;1;/4;3;2;/4;', '/4;2;/5;1;/5;4;/5;5;/6;3;', 1469875640, 175, 0),
(135, 26, 269, 0, 52, 51, 10, 3, 4, 3, '/10/9/7/6', '/3/2/2/1', '/5;2;2;/5;4;2;/5;5;2;/4;3;2;', '/3;3;/6;5;/6;3;/2;', 1469875829, 176, 1),
(136, 26, 269, 0, 51, 50, 5, 4, 1, 4, '/5/4/4', '/4/3/1', '/5;3;2;/5;3;1;/4;1;1;', '/6;1;/2;1;/1;', 1469875836, 176, 1),
(137, 26, 64, 0, 89, 87, 7, 1, 1, 1, '/7/6', '/1/1', '/6;5;2;/5;3;1;', '/6;/3;', 1469875858, 177, 1),
(138, 26, 64, 0, 87, 88, 5, 3, 0, 3, '/5/5', '/3/1', '/6;4;1;/6;5;5;', '/5;1;/3;', 1469875865, 177, 1),
(139, 26, 64, 0, 87, 86, 4, 4, 0, 4, '/4/4', '/4/2', '/6;5;2;/6;6;4;', '/2;1;/3;3;', 1469875901, 177, 1),
(140, 26, 269, 0, 73, 76, 11, 3, 1, 3, '/11/10', '/3/2', '/6;4;2;/6;6;2;', '/6;1;/4;1;', 1469875941, 178, 1),
(141, 26, 269, 0, 76, 77, 9, 3, 0, 3, '/9/9', '/3/1', '/6;3;1;/5;2;2;', '/4;2;/1;', 1469875948, 178, 1),
(142, 26, 269, 0, 77, 71, 8, 4, 5, 4, '/8/6/5/3/3', '/4/4/3/3/1', '/4;2;1;/2;2;1;/5;5;1;/6;5;2;/6;6;5;', '/6;2;/4;1;/6;5;/5;3;/1;', 1469875952, 178, 1),
(143, 26, 269, 0, 71, 70, 2, 3, 2, 0, '/2', '/3', '/4;3;', '/5;4;', 1469875957, 178, 0),
(144, 26, 64, 0, 86, 84, 13, 3, 1, 3, '/13/12', '/3/2', '/5;3;2;/5;2;2;', '/6;2;/4;1;', 1469875981, 179, 1),
(145, 26, 64, 0, 84, 85, 11, 3, 2, 3, '/11/10/9', '/3/2/1', '/5;3;1;/5;3;3;/5;4;1;', '/5;1;/6;1;/4;', 1469875989, 179, 1),
(146, 26, 64, 0, 85, 81, 8, 4, 5, 4, '/8/7/5/3/3', '/4/3/3/3/1', '/6;5;2;/3;1;1;/4;1;1;/5;5;1;/6;6;3;', '/6;1;/4;1;/5;5;/2;2;/5;', 1469875995, 179, 1),
(147, 26, 64, 0, 81, 75, 15, 4, 6, 4, '/15/13/11/10/10/9', '/4/4/4/3/1/1', '/6;2;1;/4;3;2;/6;4;3;/5;3;3;/2;2;2;/5;4;4;', '/6;2;/5;3;/5;4;/2;2;/6;/2;', 1469876047, 181, 1),
(148, 26, 64, 0, 75, 74, 8, 3, 4, 3, '/8/6/6/5/4', '/3/3/1/1/1', '/6;5;4;/6;5;1;/5;2;2;/4;3;2;/4;2;1;', '/6;6;/4;1;/6;/4;/1;', 1469876053, 181, 1),
(149, 26, 64, 0, 84, 83, 18, 3, 2, 3, '/18/17/16', '/3/2/1', '/6;1;1;/5;5;1;/5;3;2;', '/3;1;/6;1;/3;', 1469876264, 183, 1),
(150, 26, 64, 0, 83, 82, 15, 4, 0, 4, '/15/15', '/4/2', '/6;5;1;/6;4;2;', '/3;2;/4;3;', 1469876271, 183, 1),
(151, 26, 64, 0, 82, 80, 14, 3, 2, 3, '/14/12/12', '/3/3/1', '/3;2;1;/6;5;4;/6;3;1;', '/5;2;/5;3;/1;', 1469876277, 183, 1),
(152, 26, 64, 0, 80, 79, 11, 3, 0, 3, '/11/11', '/3/1', '/5;5;2;/6;5;3;', '/3;2;/4;', 1469876284, 183, 1),
(153, 26, 64, 0, 79, 78, 10, 4, 10, 0, '/10/8/6/4/2', '/4/4/4/4/4', '/4;3;1;/2;2;1;/5;4;1;/4;3;1;/1;1;', '/6;3;/5;2;/5;5;/4;3;/6;1;', 1469876303, 183, 0),
(154, 26, 64, 0, 79, 95, 19, 3, 0, 3, '/19/19', '/3/1', '/6;5;4;/5;4;1;', '/4;2;/3;', 1469876441, 185, 1),
(155, 26, 64, 269, 78, 71, 17, 11, 12, 11, '/17/16/14/12/12/10/9/8/8/8/6/5', '/11/10/10/10/8/8/7/6/4/2/2/1', '/5;3;1;/5;2;1;/4;1;1;/5;5;2;/5;1;1;/5;2;1;/6;4;1;/6;4;2;/6;4;3;/5;4;3;/6;2;1;/6;5;1;', '/3;3;/6;6;/4;4;/2;2;/6;3;/5;1;/6;1;/5;2;/3;2;/5;4;/2;2;/3;', 1469876520, 185, 1),
(156, 26, 64, 0, 70, 58, 3, 3, 3, 1, '/3/2', '/3/2', '/6;5;4;/2;1;', '/6;2;/6;2;', 1469876543, 185, 0),
(157, 26, 269, 64, 77, 71, 9, 1, 1, 1, '/9/8', '/1/1', '/5;2;1;/2;1;1;', '/5;/1;', 1469876574, 186, 1),
(158, 27, 268, 0, 9, 10, 6, 3, 2, 3, '/6/6/5/4', '/3/1/1/1', '/4;4;4;/6;3;1;/4;2;2;/4;2;1;', '/2;1;/6;/4;/3;', 1469881596, 190, 1),
(159, 27, 268, 0, 9, 8, 6, 4, 6, 3, '/6/5/5/4/3/2/1', '/4/3/1/1/1/1/1', '/5;4;4;/5;3;3;/5;4;2;/5;1;1;/4;3;2;/4;2;/4;', '/5;1;/4;1;/6;/6;/5;/4;/4;', 1469881678, 192, 0),
(160, 27, 268, 0, 9, 8, 29, 3, 3, 3, '/29/27/26', '/3/3/2', '/4;1;1;/4;2;2;/5;3;2;', '/6;2;/6;1;/4;1;', 1469881721, 192, 1),
(161, 27, 268, 0, 10, 14, 6, 3, 6, 0, '/6/4/2', '/3/3/3', '/6;4;2;/6;4;3;/3;1;', '/6;4;/6;5;/6;2;', 1469881996, 193, 0),
(162, 27, 268, 0, 14, 35, 24, 3, 2, 3, '/24/23/22', '/3/2/1', '/5;4;2;/5;3;3;/6;5;1;', '/6;2;/4;4;/4;', 1469882217, 193, 1),
(163, 27, 268, 0, 35, 37, 21, 3, 1, 3, '/21/21/20', '/3/1/1', '/6;5;5;/5;1;1;/6;6;2;', '/2;1;/5;/5;', 1469882237, 194, 1),
(164, 27, 268, 0, 35, 34, 3, 3, 3, 1, '/3/2', '/3/2', '/5;1;1;/3;2;', '/4;1;/6;3;', 1469882254, 194, 0),
(165, 27, 268, 0, 35, 34, 2, 2, 1, 2, '/2/1', '/2/1', '/6;1;/2;', '/2;1;/1;', 1469882273, 194, 1),
(166, 27, 268, 0, 8, 18, 29, 4, 9, 4, '/29/27/25/23/22/20/20', '/4/4/4/4/3/3/1', '/4;2;2;/3;2;2;/5;2;1;/5;3;2;/3;2;1;/6;5;4;/3;2;1;', '/6;2;/3;2;/6;6;/6;1;/3;2;/3;1;/2;', 1469963020, 198, 1),
(167, 29, 268, 0, 42, 39, 5, 3, 1, 3, '/5/4', '/3/2', '/5;5;4;/6;5;4;', '/6;4;/2;1;', 1469980846, 201, 1),
(168, 29, 268, 0, 42, 43, 6, 3, 2, 3, '/6/6/5/4', '/3/1/1/1', '/6;6;5;/5;1;1;/3;2;1;/5;5;1;', '/4;1;/6;/5;/4;', 1469981267, 205, 1),
(169, 29, 268, 0, 39, 41, 3, 3, 3, 0, '/3/1', '/3/3', '/3;2;2;/1;', '/3;2;/2;2;', 1469981282, 205, 0),
(170, 29, 268, 0, 39, 41, 3, 3, 1, 3, '/3/3/2', '/3/1/1', '/6;3;1;/5;4;3;/3;2;', '/4;1;/6;/2;', 1469981288, 205, 1),
(171, 29, 268, 0, 43, 44, 13, 3, 0, 3, '/13/13', '/3/1', '/6;4;2;/4;2;1;', '/3;3;/1;', 1469981328, 209, 1),
(172, 29, 269, 0, 32, 30, 16, 3, 2, 3, '/16/14/14', '/3/3/1', '/5;1;1;/6;6;4;/5;4;2;', '/6;3;/4;1;/1;', 1469981603, 210, 1),
(173, 29, 268, 0, 44, 45, 12, 3, 2, 3, '/12/10/10', '/3/3/1', '/5;3;2;/3;3;1;/5;3;1;', '/5;4;/2;1;/1;', 1469982393, 211, 1),
(174, 29, 268, 0, 41, 40, 7, 3, 1, 3, '/7/6', '/3/2', '/6;4;1;/5;4;1;', '/6;1;/4;2;', 1469982416, 211, 1),
(175, 29, 268, 0, 40, 16, 13, 3, 1, 3, '/13/12', '/3/2', '/6;4;3;/6;3;2;', '/6;3;/4;1;', 1469982459, 213, 1),
(176, 29, 268, 0, 16, 10, 11, 3, 8, 3, '/11/9/7/5/3/3', '/3/3/3/3/3/1', '/4;1;1;/3;2;1;/6;5;3;/5;3;2;/6;4;1;/6;3;2;', '/5;1;/6;2;/6;5;/5;3;/1;1;/2;', 1469982499, 215, 1),
(177, 29, 268, 0, 16, 9, 9, 3, 2, 3, '/9/7/7', '/3/3/1', '/5;3;3;/6;5;2;/5;4;1;', '/6;4;/5;1;/2;', 1469982577, 215, 1),
(178, 29, 268, 0, 10, 14, 13, 3, 0, 3, '/13/13', '/3/1', '/4;4;3;/3;1;1;', '/3;3;/1;', 1469982611, 217, 1),
(179, 29, 268, 0, 9, 15, 6, 4, 2, 4, '/6/4/4', '/4/4/2', '/4;3;1;/6;6;5;/6;5;5;', '/5;3;/3;1;/5;3;', 1469982648, 217, 1),
(180, 29, 268, 0, 14, 35, 12, 3, 7, 3, '/12/11/9/7/6/5', '/3/2/2/2/1/1', '/6;5;1;/5;1;1;/4;3;2;/6;4;4;/5;2;1;/6;3;2;', '/6;3;/6;3;/5;4;/6;3;/5;/5;', 1469982701, 219, 1),
(181, 29, 268, 0, 15, 11, 16, 4, 8, 4, '/16/14/12/10/8/8', '/4/4/4/4/4/2', '/1;1;1;/4;2;1;/3;3;1;/5;4;2;/6;6;5;/5;3;1;', '/4;1;/5;3;/5;3;/5;4;/2;2;/3;1;', 1469982798, 219, 1),
(182, 29, 268, 0, 11, 17, 12, 4, 6, 4, '/12/10/8/8/6', '/4/4/4/2/2', '/3;2;2;/2;1;1;/5;4;1;/4;3;1;/5;5;4;', '/6;2;/5;3;/4;1;/4;3;/4;1;', 1469982860, 221, 1),
(183, 29, 268, 0, 35, 37, 14, 3, 0, 3, '/14/14', '/3/1', '/6;5;4;/5;4;1;', '/5;2;/2;', 1469983078, 221, 1),
(184, 29, 268, 0, 37, 33, 13, 4, 2, 4, '/13/12/11', '/4/3/2', '/4;4;3;/4;4;3;/5;5;4;', '/4;3;/4;3;/3;2;', 1469983400, 223, 1),
(185, 29, 268, 0, 37, 34, 17, 3, 4, 3, '/17/15/13/13', '/3/3/3/1', '/3;2;1;/4;3;1;/5;5;2;/6;4;3;', '/5;4;/6;6;/4;2;/2;', 1469983467, 223, 1),
(186, 29, 268, 0, 17, 19, 5, 4, 0, 4, '/5/5', '/4/2', '/5;3;2;/6;4;4;', '/3;2;/3;1;', 1469983502, 223, 1),
(187, 29, 268, 0, 45, 46, 9, 3, 3, 3, '/9/7/7/6', '/3/3/1/1', '/4;2;1;/6;6;3;/5;5;4;/5;4;2;', '/4;3;/4;2;/5;/2;', 1469983651, 225, 1),
(188, 29, 268, 0, 14, 5, 41, 4, 7, 4, '/41/40/39/37/35/34', '/4/3/2/2/2/1', '/6;5;3;/5;2;1;/5;3;1;/4;3;1;/6;5;2;/5;5;3;', '/6;2;/4;2;/5;4;/6;6;/6;1;/4;', 1469983830, 227, 1),
(189, 29, 268, 0, 34, 38, 12, 3, 0, 3, '/12/12', '/3/1', '/6;4;2;/2;1;1;', '/1;1;/1;', 1469984055, 227, 1),
(190, 29, 268, 0, 17, 18, 23, 4, 2, 4, '/23/21/21', '/4/4/2', '/6;3;2;/6;4;1;/6;3;2;', '/6;4;/4;2;/1;1;', 1469984101, 229, 1),
(191, 29, 268, 0, 46, 47, 5, 3, 5, 2, '/5/4/3/2/1', '/3/2/1/1/1', '/6;5;2;/4;4;3;/4;3;1;/6;2;/1;', '/6;4;/4;1;/5;/6;/1;', 1469984141, 231, 0),
(192, 29, 268, 0, 37, 7, 24, 3, 0, 3, '/24/24', '/3/1', '/6;4;2;/6;6;1;', '/5;2;/1;', 1469984306, 231, 1),
(193, 29, 268, 0, 5, 3, 33, 4, 5, 4, '/33/32/31/29/28', '/4/3/2/2/1', '/5;5;2;/5;5;1;/5;3;1;/2;1;1;/5;3;2;', '/5;4;/5;3;/6;3;/1;1;/2;', 1469984328, 231, 1),
(194, 29, 268, 0, 18, 6, 20, 4, 9, 4, '/20/19/17/15/13/11/11', '/4/3/3/3/3/3/1', '/4;2;1;/3;1;1;/6;3;2;/5;2;1;/1;1;1;/6;5;4;/6;6;3;', '/3;2;/4;2;/6;4;/5;3;/3;1;/3;1;/5;', 1469984389, 231, 1),
(195, 29, 268, 0, 6, 8, 10, 4, 0, 4, '/10/10', '/4/2', '/6;4;2;/6;5;4;', '/1;1;/2;1;', 1469984497, 233, 1),
(196, 29, 268, 0, 3, 4, 27, 3, 8, 3, '/27/25/23/22/21/20/19', '/3/3/3/2/1/1/1', '/3;2;2;/4;3;1;/5;4;4;/4;4;1;/6;5;4;/2;2;1;/4;2;2;', '/6;4;/5;5;/6;1;/6;2;/6;/5;/2;', 1469984587, 233, 1),
(197, 29, 268, 0, 7, 1, 23, 3, 0, 3, '/23/23', '/3/1', '/6;6;1;/5;2;2;', '/5;3;/2;', 1469984616, 233, 1),
(198, 29, 268, 0, 1, 2, 22, 3, 2, 3, '/22/20/20', '/3/3/1', '/3;2;1;/4;4;1;/5;3;1;', '/6;3;/3;3;/1;', 1469984877, 235, 1),
(199, 29, 268, 0, 46, 47, 76, 1, 1, 1, '/76/75', '/1/1', '/4;4;3;/6;3;3;', '/4;/2;', 1470082986, 237, 1),
(200, 29, 268, 0, 47, 29, 74, 3, 2, 3, '/74/73/72', '/3/2/1', '/5;3;3;/6;2;2;/4;2;2;', '/4;3;/5;4;/3;', 1470083047, 239, 1),
(201, 29, 268, 0, 2, 24, 19, 3, 6, 3, '/19/17/15/15/14/13', '/3/3/3/1/1/1', '/6;5;2;/5;3;3;/6;3;3;/5;3;2;/2;2;2;/6;5;1;', '/6;5;/5;4;/2;1;/6;/5;/1;', 1470083146, 239, 1),
(202, 29, 268, 0, 24, 27, 12, 3, 4, 3, '/12/10/10/9/8', '/3/3/1/1/1', '/4;3;3;/6;6;3;/4;1;1;/4;1;1;/5;5;1;', '/4;3;/5;5;/6;/4;/1;', 1470083175, 241, 1),
(203, 29, 268, 0, 24, 25, 66, 3, 1, 3, '/66/66/65', '/3/1/1', '/6;5;1;/5;5;1;/6;5;2;', '/2;1;/6;/3;', 1470083329, 241, 1),
(204, 29, 268, 0, 29, 31, 71, 3, 0, 3, '/71/71', '/3/1', '/6;4;1;/5;4;2;', '/5;1;/1;', 1470083358, 241, 1),
(205, 29, 268, 0, 25, 21, 64, 3, 1, 3, '/64/63', '/3/2', '/6;3;2;/6;3;2;', '/5;3;/2;2;', 1470083556, 243, 1),
(206, 29, 268, 0, 27, 23, 7, 3, 0, 3, '/7/7', '/3/1', '/6;5;4;/6;3;1;', '/5;1;/5;', 1470083625, 243, 1),
(207, 29, 268, 269, 31, 30, 70, 14, 7, 14, '/70/69/69/69/69/67/67/66/64/64/63', '/14/13/11/9/7/7/5/4/4/2/1', '/6;5;4;/6;6;2;/6;4;2;/5;4;3;/4;2;1;/6;6;4;/5;3;3;/3;2;2;/6;5;3;/4;3;2;/5;3;1;', '/6;4;/2;1;/4;2;/2;1;/6;5;/5;4;/6;2;/6;3;/5;3;/5;1;/1;', 1470083641, 243, 1),
(208, 29, 268, 269, 30, 32, 62, 1, 0, 1, '/62', '/1', '/4;4;4;', '/1;', 1470083659, 245, 1),
(209, 29, 268, 0, 23, 22, 6, 3, 0, 3, '/6/6', '/3/1', '/6;6;2;/5;5;2;', '/4;2;/3;', 1470083670, 245, 1),
(210, 29, 268, 0, 21, 28, 62, 4, 0, 4, '/62/62', '/4/2', '/6;5;1;/6;5;4;', '/3;1;/2;1;', 1470083678, 245, 1),
(211, 30, 268, 0, 41, 40, 7, 3, 6, 3, '/7/6/4/2/1', '/3/2/2/2/1', '/6;3;2;/6;6;4;/4;3;1;/5;5;/5;', '/5;5;/6;6;/6;5;/6;4;/4;', 1470250868, 256, 1),
(212, 30, 269, 0, 42, 43, 7, 3, 0, 3, '/7/7', '/3/1', '/6;4;3;/4;2;1;', '/3;3;/3;', 1470250999, 257, 1);

-- --------------------------------------------------------

--
-- Structure de la table `frontier`
--

CREATE TABLE IF NOT EXISTS `frontier` (
  `frontier_id` int(16) NOT NULL AUTO_INCREMENT,
  `frontier_land_id_one` int(16) NOT NULL,
  `frontier_land_id_two` int(16) NOT NULL,
  `frontier_map_id` int(11) NOT NULL,
  PRIMARY KEY (`frontier_id`)
) ENGINE=InnoDB  DEFAULT CHARSET=latin1 AUTO_INCREMENT=384 ;

--
-- Contenu de la table `frontier`
--

INSERT INTO `frontier` (`frontier_id`, `frontier_land_id_one`, `frontier_land_id_two`, `frontier_map_id`) VALUES
(1, 1, 2, 1),
(2, 1, 7, 1),
(3, 1, 4, 1),
(4, 1, 3, 1),
(5, 2, 1, 1),
(6, 2, 4, 1),
(7, 2, 24, 1),
(8, 7, 1, 1),
(9, 7, 3, 1),
(10, 7, 5, 1),
(11, 4, 2, 1),
(12, 4, 1, 1),
(13, 4, 3, 1),
(14, 4, 6, 1),
(15, 3, 1, 1),
(16, 3, 4, 1),
(17, 3, 7, 1),
(18, 3, 5, 1),
(19, 3, 6, 1),
(20, 5, 3, 1),
(21, 5, 7, 1),
(22, 5, 6, 1),
(23, 5, 35, 1),
(24, 6, 4, 1),
(25, 6, 5, 1),
(26, 6, 14, 1),
(27, 6, 8, 1),
(28, 6, 18, 1),
(29, 7, 37, 1),
(30, 6, 3, 1),
(31, 8, 6, 1),
(32, 8, 18, 1),
(33, 8, 9, 1),
(34, 8, 10, 1),
(35, 8, 14, 1),
(36, 9, 8, 1),
(37, 9, 10, 1),
(38, 9, 16, 1),
(39, 9, 15, 1),
(40, 9, 17, 1),
(41, 9, 18, 1),
(42, 10, 16, 1),
(43, 10, 9, 1),
(44, 10, 8, 1),
(45, 10, 14, 1),
(46, 11, 13, 1),
(47, 11, 19, 1),
(48, 11, 17, 1),
(49, 11, 15, 1),
(50, 12, 13, 1),
(51, 12, 15, 1),
(52, 13, 12, 1),
(53, 13, 19, 1),
(54, 13, 11, 1),
(55, 13, 15, 1),
(56, 14, 10, 1),
(57, 14, 8, 1),
(58, 14, 6, 1),
(59, 14, 5, 1),
(60, 14, 35, 1),
(61, 14, 34, 1),
(62, 15, 12, 1),
(63, 15, 13, 1),
(64, 15, 11, 1),
(65, 15, 17, 1),
(66, 15, 9, 1),
(67, 16, 9, 1),
(68, 16, 10, 1),
(69, 16, 40, 1),
(70, 17, 19, 1),
(71, 17, 11, 1),
(72, 17, 15, 1),
(73, 17, 9, 1),
(74, 17, 18, 1),
(75, 18, 17, 1),
(76, 18, 8, 1),
(77, 18, 6, 1),
(78, 18, 9, 1),
(79, 19, 17, 1),
(80, 19, 11, 1),
(81, 19, 13, 1),
(82, 5, 14, 1),
(83, 13, 20, 1),
(84, 20, 13, 1),
(85, 20, 25, 1),
(86, 20, 21, 1),
(87, 21, 20, 1),
(88, 21, 25, 1),
(89, 21, 26, 1),
(90, 21, 28, 1),
(91, 22, 32, 1),
(92, 22, 28, 1),
(93, 22, 23, 1),
(94, 23, 22, 1),
(95, 23, 28, 1),
(96, 23, 26, 1),
(97, 23, 27, 1),
(98, 24, 2, 1),
(99, 24, 27, 1),
(100, 24, 26, 1),
(101, 24, 25, 1),
(103, 25, 26, 1),
(104, 25, 21, 1),
(105, 25, 20, 1),
(106, 26, 24, 1),
(107, 26, 27, 1),
(108, 26, 23, 1),
(109, 26, 28, 1),
(110, 26, 21, 1),
(111, 26, 25, 1),
(112, 27, 24, 1),
(113, 27, 26, 1),
(114, 27, 23, 1),
(115, 28, 23, 1),
(116, 28, 22, 1),
(117, 28, 21, 1),
(118, 28, 26, 1),
(119, 25, 24, 1),
(120, 29, 30, 1),
(121, 29, 31, 1),
(122, 30, 29, 1),
(123, 30, 31, 1),
(124, 30, 32, 1),
(125, 31, 29, 1),
(126, 31, 30, 1),
(127, 31, 32, 1),
(128, 32, 30, 1),
(129, 32, 31, 1),
(130, 32, 22, 1),
(131, 33, 38, 1),
(132, 33, 34, 1),
(133, 33, 37, 1),
(134, 34, 38, 1),
(135, 34, 33, 1),
(136, 34, 37, 1),
(137, 34, 35, 1),
(138, 34, 14, 1),
(139, 35, 14, 1),
(140, 35, 5, 1),
(141, 35, 37, 1),
(142, 35, 34, 1),
(143, 36, 34, 1),
(144, 36, 38, 1),
(145, 37, 7, 1),
(146, 37, 35, 1),
(147, 37, 34, 1),
(148, 37, 33, 1),
(149, 38, 36, 1),
(150, 38, 34, 1),
(151, 38, 33, 1),
(152, 34, 36, 1),
(153, 39, 41, 1),
(154, 39, 42, 1),
(155, 40, 16, 1),
(156, 40, 41, 1),
(157, 40, 42, 1),
(158, 41, 39, 1),
(159, 41, 40, 1),
(160, 41, 42, 1),
(161, 42, 39, 1),
(162, 42, 41, 1),
(163, 42, 40, 1),
(164, 37, 30, 1),
(165, 30, 37, 1),
(166, 43, 44, 1),
(167, 43, 42, 1),
(168, 42, 43, 1),
(169, 44, 43, 1),
(170, 44, 45, 1),
(171, 45, 44, 1),
(172, 45, 38, 1),
(173, 38, 45, 1),
(174, 45, 46, 1),
(175, 46, 45, 1),
(176, 46, 47, 1),
(177, 47, 46, 1),
(178, 47, 29, 1),
(179, 29, 47, 1),
(180, 48, 49, 2),
(181, 48, 52, 2),
(182, 49, 48, 2),
(183, 49, 50, 2),
(184, 49, 51, 2),
(185, 49, 52, 2),
(186, 50, 51, 2),
(187, 50, 49, 2),
(188, 50, 54, 2),
(189, 51, 49, 2),
(190, 51, 50, 2),
(191, 51, 52, 2),
(192, 51, 53, 2),
(193, 51, 54, 2),
(194, 52, 49, 2),
(195, 52, 48, 2),
(196, 52, 51, 2),
(197, 52, 53, 2),
(198, 52, 55, 2),
(199, 52, 56, 2),
(200, 53, 52, 2),
(201, 53, 55, 2),
(202, 53, 63, 2),
(203, 53, 61, 2),
(204, 53, 54, 2),
(205, 53, 51, 2),
(206, 54, 51, 2),
(207, 54, 53, 2),
(208, 54, 50, 2),
(209, 54, 61, 2),
(210, 54, 63, 2),
(211, 55, 52, 2),
(212, 55, 56, 2),
(213, 55, 53, 2),
(214, 55, 63, 2),
(215, 55, 62, 2),
(216, 55, 60, 2),
(217, 56, 52, 2),
(218, 56, 55, 2),
(219, 56, 59, 2),
(220, 56, 60, 2),
(221, 58, 61, 2),
(222, 58, 65, 2),
(223, 58, 69, 2),
(224, 58, 70, 2),
(225, 59, 66, 2),
(226, 59, 56, 2),
(227, 59, 60, 2),
(228, 60, 59, 2),
(229, 60, 66, 2),
(230, 60, 62, 2),
(231, 60, 67, 2),
(232, 60, 55, 2),
(233, 60, 56, 2),
(234, 61, 58, 2),
(235, 61, 65, 2),
(236, 61, 63, 2),
(237, 61, 53, 2),
(238, 61, 54, 2),
(239, 62, 55, 2),
(240, 62, 60, 2),
(241, 62, 63, 2),
(242, 62, 64, 2),
(243, 62, 68, 2),
(244, 62, 67, 2),
(245, 63, 55, 2),
(246, 63, 53, 2),
(247, 63, 54, 2),
(248, 63, 61, 2),
(249, 63, 65, 2),
(250, 63, 64, 2),
(251, 63, 62, 2),
(252, 64, 62, 2),
(253, 64, 63, 2),
(254, 64, 65, 2),
(255, 64, 68, 2),
(256, 65, 64, 2),
(257, 65, 63, 2),
(258, 65, 61, 2),
(259, 65, 58, 2),
(260, 65, 69, 2),
(261, 65, 68, 2),
(262, 66, 59, 2),
(263, 66, 60, 2),
(264, 66, 67, 2),
(265, 66, 72, 2),
(266, 67, 60, 2),
(267, 67, 62, 2),
(268, 67, 68, 2),
(269, 67, 73, 2),
(270, 67, 72, 2),
(271, 67, 66, 2),
(272, 68, 67, 2),
(273, 68, 62, 2),
(274, 68, 64, 2),
(275, 68, 65, 2),
(276, 68, 69, 2),
(277, 68, 77, 2),
(278, 68, 76, 2),
(279, 68, 73, 2),
(280, 69, 68, 2),
(281, 69, 65, 2),
(282, 69, 58, 2),
(283, 69, 77, 2),
(284, 69, 70, 2),
(285, 69, 71, 2),
(286, 70, 58, 2),
(287, 70, 69, 2),
(288, 70, 71, 2),
(289, 71, 70, 2),
(290, 71, 77, 2),
(291, 71, 69, 2),
(292, 71, 78, 2),
(293, 72, 66, 2),
(294, 72, 67, 2),
(295, 72, 73, 2),
(296, 73, 68, 2),
(297, 73, 76, 2),
(298, 73, 75, 2),
(299, 73, 72, 2),
(300, 73, 67, 2),
(301, 74, 75, 2),
(302, 74, 81, 2),
(303, 75, 74, 2),
(304, 75, 73, 2),
(305, 75, 76, 2),
(306, 75, 81, 2),
(307, 76, 81, 2),
(308, 76, 75, 2),
(309, 76, 73, 2),
(310, 76, 68, 2),
(311, 76, 77, 2),
(312, 76, 84, 2),
(313, 76, 85, 2),
(314, 77, 76, 2),
(315, 77, 68, 2),
(316, 77, 69, 2),
(317, 77, 71, 2),
(318, 77, 78, 2),
(319, 77, 80, 2),
(320, 77, 83, 2),
(321, 77, 84, 2),
(322, 78, 71, 2),
(323, 78, 77, 2),
(324, 78, 80, 2),
(325, 78, 79, 2),
(326, 79, 80, 2),
(327, 79, 78, 2),
(328, 80, 79, 2),
(329, 80, 78, 2),
(330, 80, 77, 2),
(331, 80, 83, 2),
(332, 80, 82, 2),
(333, 81, 74, 2),
(334, 81, 75, 2),
(335, 81, 76, 2),
(336, 81, 85, 2),
(337, 81, 87, 2),
(338, 82, 83, 2),
(339, 82, 80, 2),
(340, 83, 82, 2),
(341, 83, 80, 2),
(342, 83, 77, 2),
(343, 83, 84, 2),
(344, 84, 83, 2),
(345, 84, 77, 2),
(346, 84, 76, 2),
(347, 84, 85, 2),
(348, 84, 86, 2),
(349, 85, 84, 2),
(350, 85, 76, 2),
(351, 85, 81, 2),
(352, 85, 87, 2),
(353, 85, 86, 2),
(354, 86, 85, 2),
(355, 86, 84, 2),
(356, 86, 87, 2),
(357, 87, 86, 2),
(358, 87, 85, 2),
(359, 87, 81, 2),
(360, 87, 89, 2),
(361, 87, 88, 2),
(362, 88, 87, 2),
(363, 88, 89, 2),
(364, 89, 88, 2),
(365, 89, 87, 2),
(366, 89, 91, 2),
(367, 89, 93, 2),
(368, 89, 94, 2),
(369, 90, 92, 2),
(370, 91, 92, 2),
(371, 91, 89, 2),
(372, 91, 93, 2),
(373, 92, 91, 2),
(374, 92, 90, 2),
(375, 92, 93, 2),
(376, 93, 92, 2),
(377, 93, 91, 2),
(378, 93, 89, 2),
(379, 93, 94, 2),
(380, 94, 93, 2),
(381, 94, 89, 2),
(382, 79, 95, 2),
(383, 95, 79, 2);

-- --------------------------------------------------------

--
-- Structure de la table `game`
--

CREATE TABLE IF NOT EXISTS `game` (
  `game_id` int(12) unsigned NOT NULL AUTO_INCREMENT,
  `game_name` varchar(256) NOT NULL,
  `game_owner_id` int(12) NOT NULL,
  `game_max_player` int(12) NOT NULL,
  `game_create_time` int(12) NOT NULL,
  `game_statut` int(12) NOT NULL,
  `game_map_id` int(11) NOT NULL,
  `game_map_cont` int(11) NOT NULL,
  `game_mod_id` int(12) NOT NULL,
  `game_turn_time` int(11) NOT NULL,
  `game_difficulty_id` int(12) NOT NULL,
  `game_won_user_id` int(12) NOT NULL,
  `game_won_time` int(12) NOT NULL,
  `game_pwd` varchar(512) NOT NULL,
  `game_key` varchar(256) NOT NULL,
  PRIMARY KEY (`game_id`)
) ENGINE=InnoDB  DEFAULT CHARSET=latin1 AUTO_INCREMENT=31 ;

--
-- Contenu de la table `game`
--

INSERT INTO `game` (`game_id`, `game_name`, `game_owner_id`, `game_max_player`, `game_create_time`, `game_statut`, `game_map_id`, `game_map_cont`, `game_mod_id`, `game_turn_time`, `game_difficulty_id`, `game_won_user_id`, `game_won_time`, `game_pwd`, `game_key`) VALUES
(20, 'KKF2uStg23GuOLtyMwH3efQHRYUXr8Q4uq+n35zLIO4=', 269, 4, 1467756950, 50, 1, 0, 0, 0, 0, 0, 0, 'Qz+MxwBUa9xEX5dZMx7/vECgaxwnpEsOPzJsAfGk2A5yHVbevbx5tEQGVqXo2/F4UJgooz1Z4olWlUWYMRrug1LWIW1eyp2CrPbmF4n5AR/RqcwTpL5M7Fb3f2ce8eJi|xVpfQsJ2kPkyROIFoXZOWXUG5F7YcgwcB1hcmY+ANEA=', '0'),
(21, 'rXSa8cf6Xo4p7wAI/cWmdL2yvhPpHC32uLfIV0kMD7s=', 268, 2, 1467788633, 0, 1, 0, 0, 0, 0, 0, 0, 'nWLuWM8Bs1N9MK2bSFJzy99FC/zmbgSJER6xSc13jENlsMUMDzWO/FWG+1tnBMfNEYIlaN7HPj6PYhCma6Z4RuCx+kwobYCxGFDM2TVAPLc4rLlZLIwZvYhX2M+p1iLY|Pkw+SlB7zZCBEvI4PxNtEo20AbR13jD/cpJuMw4pJ2U=', '0'),
(22, 'SBuFfByaORCOFC9I3qGdIig8+lcquJFW4GFK6KFWxjk=', 268, 3, 1467814714, 0, 1, 0, 0, 0, 0, 0, 0, 'VYugfxfuTTDtV/GkgHB7WbsjLjvjYtK+Uth2GTXNoPYfw0Kn+wtilOe+4xZZyq1PFpyoxBTkDxvMvA0sm8L+60+pgm9guQaNkuZNPCJzS6DZqLqy3fJTI7ezBtNEGNBC|6mKCzP2s4b266LDpYIyTzQJ7i18jVNZlgO4UdBdUyko=', '0'),
(23, 'rRG88GHUbmIJ1kweiLp8MOu+B/ZGmh2gSr390PmMFWo=', 64, 10, 1469824684, 50, 1, 0, 0, 0, 0, 0, 0, 'ayXWcBYC2ElkBFv8aXkoGRslwQLh4kgd0erQGwp5+4PYKOvutEvaL53t//bg73k974IpJ93uKHygrO1h7aIpVNG72OFkn2hShvCttTeAf3zIb8b51vhbwMVfKS4ZxatL|mkNBkQvEwJKxEN0AWuufoJAP2XRgYUupoQYNHzdtJ+M=', '0'),
(24, 'aWKmeQ6+ZCRk9BS5OfpQZymbfTmF1B8a1EP/G/XPTN8=', 269, 2, 1469870437, 50, 1, 0, 0, 0, 0, 0, 0, 'x5BnDpvX4nS8h6dV3r3S6OaNhqqbbyAaFo3gKmG6tdILUisMd93C2EX1OgCFhwXxFyhti0ueJoAkSwEX/XUwtKllce9aqEIhYu14K8/0QBOqL1dltB+lHNREi8hzBRG9|4OxKTRwMSwn0z9r5EpyWd45TCxo2afxziSGgzqtIJP0=', '0'),
(25, 'zxv4eqFFkQk64fRAJUycg+Cb7z0+XHHFPS+PFqNjzec=', 64, 2, 1469873273, 50, 1, 0, 0, 0, 0, 0, 0, 'uTta22hVyEvOUL1BOg6ic9EvIwmXoJpRCx1cBvBo9HpAL7ghtppRHkgTZg53TeFO9MGsUrLIbOArjkUCKFcQQRBHKfj65HWL7I8MY/QcTcAhk3CxQTpnY1YhlzPgBGNZ|NjnYsa+dywaUU/O9fS5nJLtAsm7PI5abAJlHoJ63NF4=', '0'),
(26, 'QskEgIt3Ae5zDVjMaB5E9ypLG5UaUnZ6xmgiq2AH/Uo=', 64, 2, 1469874419, 50, 2, 0, 0, 0, 0, 0, 0, 'C2Dqlr7E2DXnuZzmli491Lov3KqqwHqskSpNWunYgN7qCaexZNd+i3FxsI8k9J79Uft4czPG6+l8cHnfN9pQOxv6OHBDNuiDQqW53lNxhjiD7ucEppnrnHE9Q4dRESjX|yzL0GXkk5GCrPyvzGpzMC3mneFgFi6JBeDZxcZazUUI=', '0'),
(27, '+c7XD2iURN/n6pDezBkrrsgmP+W5Fum0b7duPLXEY/8=', 268, 5, 1469880059, 50, 1, 0, 0, 0, 0, 0, 0, 'OLPrRwBg2nD0BaEOqrv3YlhFiGZdsYt+hltZ7BGsfGkysNYimj1bzO7z8EKTi2Hel+Xh8TGTFfLariVCtyGyqbvwR/wF7kK2LxlWpqelU2WYYzQwXMibMp0iARlhIdjv|edoMixGIUbZaVTBda6yJXk+dlNNd+9nIVcZaGMjDkQE=', '0'),
(28, '6MlxQzAwmdYk6WmN1W5TGq9/lebJ7Yg2BO/Lf+ROF5k=', 270, 4, 1469882658, 50, 1, 0, 0, 0, 0, 0, 0, 'CHH8REOvpvmRVHRJHZIOnxf7Ici9XKK1Achj7GkmnVxkzU5a+HjRw/6cCp0sAb0j6BnbaIntmwhD1DXfDzMH6mKQmigNs0JNSN2bqxp5LPMy/5hD2iWu25SKtWlCHHev|+gYPvHdFAy87Sf7kKo85JgtCRmoaTbrsWdq8BnXaWoU=', '0'),
(29, 'zXyrn5MSXAqXAOsKeimSwlEjjCwvHWVMCdtKcdon/tQ=', 268, 3, 1469978757, 50, 1, 0, 0, 0, 0, 0, 0, 'nzNfWHuynxGpkq87QSlzgSFYFpufuUfcMDrRW1Ju7g95FasZaQkP8kOAnxY+nnpa8zkn08NRDS4fj/vpn140no3UMQm9GKbncwjBa06Zm62Dp30yf7n7fUaVZgbB9ZUE|jeelXstrgg8ppEH7y7QtR8Ef7EQTadWwoypTn18GT44=', '0'),
(30, 'eO/tOBe7vpobVYzUR9LE6XaR/7pQBR6T6lyScXV7n8E=', 268, 5, 1470250448, 50, 1, 0, 0, 0, 0, 0, 0, '1tW2cclVbSfRyPLegk1CUd3a7jDLg7OMcnuP7qDVAGuTIczQCbzNJXeMKN2JEiEKuGPezp30KuyVsnFN8Iexi292HpjLi0RBk8sqhX4K5FL88/KASCIxKx3meP26y4fg|Kz7PdJwH4H1M0x0oUP8nOM3qsgxXfNTuO4jnUlu20Ow=', '0');

-- --------------------------------------------------------

--
-- Structure de la table `game_data`
--

CREATE TABLE IF NOT EXISTS `game_data` (
  `game_data_id` int(12) unsigned NOT NULL AUTO_INCREMENT,
  `game_data_game_id` int(12) NOT NULL,
  `game_data_user_id` int(12) NOT NULL,
  `game_data_user_id_base` int(12) NOT NULL,
  `game_data_land_id` int(12) NOT NULL,
  `game_data_units` int(12) NOT NULL,
  `game_data_capital` int(12) NOT NULL,
  `game_data_resource_id` int(12) NOT NULL,
  `game_data_buildings` varchar(128) NOT NULL,
  PRIMARY KEY (`game_data_id`)
) ENGINE=InnoDB  DEFAULT CHARSET=latin1 AUTO_INCREMENT=568 ;

--
-- Contenu de la table `game_data`
--

INSERT INTO `game_data` (`game_data_id`, `game_data_game_id`, `game_data_user_id`, `game_data_user_id_base`, `game_data_land_id`, `game_data_units`, `game_data_capital`, `game_data_resource_id`, `game_data_buildings`) VALUES
(1, 20, 269, 0, 1, 8, 0, 3, ''),
(2, 20, 269, 0, 2, 3, 0, 0, ''),
(3, 20, 269, 0, 3, 33, 0, 3, '5;2'),
(4, 20, 269, 0, 4, 2, 0, 0, ''),
(5, 20, 269, 0, 5, 4, 0, 3, ''),
(6, 20, 269, 0, 6, 4, 0, 3, '1'),
(7, 20, 269, 0, 7, 3, 0, 0, ''),
(8, 20, 269, 0, 8, 12, 0, 0, '1;2'),
(9, 20, 269, 0, 9, 5, 0, 0, '1'),
(10, 20, 268, 0, 10, 1, 0, 0, ''),
(11, 20, 64, 64, 11, 5, 64, 0, '1'),
(12, 20, 0, 0, 12, 3, 0, 0, ''),
(13, 20, 0, 0, 13, 3, 0, 0, ''),
(14, 20, 270, 270, 14, 30, 270, 3, '1'),
(15, 20, 0, 0, 15, 4, 0, 0, ''),
(16, 20, 268, 268, 16, 1, 268, 0, '1;2'),
(17, 20, 0, 0, 17, 4, 0, 0, ''),
(18, 20, 269, 0, 18, 7, 0, 0, '2;1'),
(19, 20, 0, 0, 19, 4, 0, 0, ''),
(20, 20, 0, 0, 20, 3, 0, 0, ''),
(21, 20, 0, 0, 21, 3, 0, 3, ''),
(22, 20, 0, 0, 22, 3, 0, 0, ''),
(23, 20, 0, 0, 23, 3, 0, 0, ''),
(24, 20, 0, 0, 24, 3, 0, 0, ''),
(25, 20, 0, 0, 25, 3, 0, 0, ''),
(26, 20, 0, 0, 26, 4, 0, 0, ''),
(27, 20, 0, 0, 27, 3, 0, 0, ''),
(28, 20, 0, 0, 28, 4, 0, 3, ''),
(29, 20, 0, 0, 29, 3, 0, 0, ''),
(30, 20, 0, 0, 30, 3, 0, 3, ''),
(31, 20, 269, 269, 31, 23, 269, 3, '1;2;5'),
(32, 20, 0, 0, 32, 3, 0, 3, ''),
(33, 20, 0, 0, 33, 4, 0, 0, ''),
(34, 20, 0, 0, 34, 3, 0, 0, ''),
(35, 20, 0, 0, 35, 3, 0, 0, ''),
(36, 20, 0, 0, 36, 3, 0, 0, ''),
(37, 20, 0, 0, 37, 3, 0, 0, ''),
(38, 20, 0, 0, 38, 3, 0, 0, ''),
(39, 20, 268, 0, 39, 9, 0, 0, ''),
(40, 20, 268, 0, 40, 1, 0, 0, ''),
(41, 20, 268, 0, 41, 1, 0, 3, ''),
(42, 20, 268, 0, 42, 3, 0, 0, ''),
(43, 20, 0, 0, 43, 3, 0, 0, ''),
(44, 20, 0, 0, 44, 3, 0, 0, ''),
(45, 20, 0, 0, 45, 3, 0, 0, ''),
(46, 20, 0, 0, 46, 3, 0, 0, ''),
(47, 20, 0, 0, 47, 3, 0, 0, ''),
(48, 23, 0, 0, 1, 3, 0, 0, ''),
(49, 23, 0, 0, 2, 3, 0, 0, ''),
(50, 23, 0, 0, 3, 4, 0, 0, ''),
(51, 23, 0, 0, 4, 3, 0, 0, ''),
(52, 23, 0, 0, 5, 4, 0, 3, ''),
(53, 23, 0, 0, 6, 4, 0, 0, ''),
(54, 23, 0, 0, 7, 3, 0, 3, ''),
(55, 23, 0, 0, 8, 4, 0, 3, ''),
(56, 23, 0, 0, 9, 3, 0, 3, ''),
(57, 23, 0, 0, 10, 3, 0, 0, ''),
(58, 23, 0, 0, 11, 4, 0, 0, ''),
(59, 23, 0, 0, 12, 3, 0, 0, ''),
(60, 23, 0, 0, 13, 3, 0, 3, ''),
(61, 23, 0, 0, 14, 3, 0, 0, ''),
(62, 23, 0, 0, 15, 4, 0, 0, ''),
(63, 23, 269, 269, 16, 20, 269, 3, '1;'),
(64, 23, 269, 0, 17, 4, 0, 0, ''),
(65, 23, 269, 0, 18, 4, 0, 0, ''),
(66, 23, 0, 0, 19, 4, 0, 3, ''),
(67, 23, 0, 0, 20, 3, 0, 3, ''),
(68, 23, 0, 0, 21, 3, 0, 0, ''),
(69, 23, 0, 0, 22, 3, 0, 0, ''),
(70, 23, 0, 0, 23, 3, 0, 0, ''),
(71, 23, 64, 0, 24, 3, 0, 0, ''),
(72, 23, 64, 0, 25, 3, 0, 0, ''),
(73, 23, 64, 0, 26, 4, 0, 0, ''),
(74, 23, 64, 0, 27, 3, 0, 0, ''),
(75, 23, 64, 0, 28, 4, 0, 0, ''),
(76, 23, 64, 0, 29, 3, 0, 0, ''),
(77, 23, 64, 0, 30, 3, 0, 0, ''),
(78, 23, 64, 0, 31, 3, 0, 0, ''),
(79, 23, 64, 0, 32, 3, 0, 0, ''),
(80, 23, 64, 0, 33, 4, 0, 0, ''),
(81, 23, 64, 0, 34, 3, 0, 0, ''),
(82, 23, 64, 0, 35, 3, 0, 0, ''),
(83, 23, 64, 0, 36, 3, 0, 0, ''),
(84, 23, 64, 0, 37, 3, 0, 0, ''),
(85, 23, 64, 0, 38, 3, 0, 0, ''),
(86, 23, 0, 0, 39, 3, 0, 0, ''),
(87, 23, 64, 64, 40, 6, 64, 0, '1;'),
(88, 23, 64, 0, 41, 150, 0, 0, ''),
(89, 23, 64, 0, 42, 153, 0, 0, ''),
(90, 23, 64, 0, 43, 3, 0, 0, ''),
(91, 23, 0, 0, 44, 3, 0, 0, ''),
(92, 23, 0, 0, 45, 3, 0, 0, ''),
(93, 23, 0, 0, 46, 3, 0, 0, ''),
(94, 23, 0, 0, 47, 3, 0, 0, ''),
(95, 24, 64, 0, 1, 1, 0, 3, ''),
(96, 24, 269, 0, 2, 18, 0, 3, ''),
(97, 24, 64, 0, 3, 1, 0, 3, ''),
(98, 24, 64, 0, 4, 1, 0, 0, ''),
(99, 24, 64, 0, 5, 1, 0, 0, ''),
(100, 24, 64, 0, 6, 1, 0, 0, ''),
(101, 24, 64, 0, 7, 1, 0, 0, ''),
(102, 24, 64, 0, 8, 4, 0, 0, ''),
(103, 24, 64, 0, 9, 1, 0, 0, ''),
(104, 24, 64, 0, 10, 1, 0, 0, ''),
(105, 24, 64, 0, 11, 15, 0, 0, ''),
(106, 24, 269, 0, 12, 1, 0, 0, ''),
(107, 24, 269, 0, 13, 1, 0, 0, ''),
(108, 24, 64, 0, 14, 1, 0, 0, ''),
(109, 24, 269, 0, 15, 1, 0, 3, ''),
(110, 24, 64, 64, 16, 1, 64, 3, '1;'),
(111, 24, 64, 0, 17, 1, 0, 0, ''),
(112, 24, 64, 0, 18, 1, 0, 0, ''),
(113, 24, 269, 0, 19, 1, 0, 0, ''),
(114, 24, 269, 0, 20, 1, 0, 0, ''),
(115, 24, 269, 0, 21, 1, 0, 3, ''),
(116, 24, 269, 0, 22, 1, 0, 0, ''),
(117, 24, 269, 0, 23, 1, 0, 0, ''),
(118, 24, 269, 0, 24, 1, 0, 3, ''),
(119, 24, 269, 0, 25, 1, 0, 0, ''),
(120, 24, 269, 0, 26, 1, 0, 3, ''),
(121, 24, 269, 0, 27, 1, 0, 0, ''),
(122, 24, 269, 0, 28, 1, 0, 3, ''),
(123, 24, 269, 0, 29, 1, 0, 0, ''),
(124, 24, 269, 0, 30, 1, 0, 0, ''),
(125, 24, 269, 0, 31, 1, 0, 3, ''),
(126, 24, 269, 0, 32, 1, 0, 0, ''),
(127, 24, 64, 0, 33, 1, 0, 0, ''),
(128, 24, 64, 0, 34, 1, 0, 0, ''),
(129, 24, 64, 0, 35, 1, 0, 0, ''),
(130, 24, 64, 0, 36, 1, 0, 0, ''),
(131, 24, 64, 0, 37, 1, 0, 3, ''),
(132, 24, 64, 0, 38, 1, 0, 0, ''),
(133, 24, 269, 0, 39, 5, 0, 3, ''),
(134, 24, 269, 269, 40, 3, 269, 0, '1;'),
(135, 24, 269, 0, 41, 1, 0, 0, ''),
(136, 24, 269, 0, 42, 1, 0, 0, ''),
(137, 24, 269, 0, 43, 1, 0, 3, ''),
(138, 24, 269, 0, 44, 1, 0, 0, ''),
(139, 24, 269, 0, 45, 1, 0, 0, ''),
(140, 24, 269, 0, 46, 1, 0, 0, ''),
(141, 24, 269, 0, 47, 1, 0, 0, ''),
(142, 25, 64, 0, 1, 1, 0, 0, ''),
(143, 25, 64, 0, 2, 1, 0, 0, ''),
(144, 25, 64, 0, 3, 1, 0, 3, ''),
(145, 25, 0, 0, 4, 2, 0, 0, ''),
(146, 25, 64, 0, 5, 1, 0, 3, ''),
(147, 25, 64, 0, 6, 1, 0, 0, ''),
(148, 25, 64, 0, 7, 1, 0, 0, ''),
(149, 25, 64, 0, 8, 1, 0, 0, ''),
(150, 25, 64, 0, 9, 1, 0, 0, ''),
(151, 25, 64, 0, 10, 4, 0, 0, ''),
(152, 25, 0, 0, 11, 4, 0, 0, ''),
(153, 25, 0, 0, 12, 3, 0, 3, ''),
(154, 25, 0, 0, 13, 3, 0, 0, ''),
(155, 25, 64, 0, 14, 1, 0, 3, ''),
(156, 25, 0, 0, 15, 4, 0, 0, ''),
(157, 25, 269, 0, 16, 12, 0, 0, ''),
(158, 25, 0, 0, 17, 4, 0, 0, ''),
(159, 25, 64, 0, 18, 1, 0, 0, ''),
(160, 25, 0, 0, 19, 4, 0, 0, ''),
(161, 25, 64, 0, 20, 3, 0, 0, ''),
(162, 25, 64, 0, 21, 1, 0, 0, ''),
(163, 25, 64, 0, 22, 4, 0, 0, ''),
(164, 25, 64, 0, 23, 1, 0, 0, ''),
(165, 25, 64, 0, 24, 1, 0, 0, ''),
(166, 25, 64, 0, 25, 1, 0, 0, ''),
(167, 25, 64, 0, 26, 1, 0, 0, ''),
(168, 25, 64, 0, 27, 1, 0, 3, ''),
(169, 25, 64, 0, 28, 1, 0, 0, ''),
(170, 25, 269, 0, 29, 1, 0, 3, ''),
(171, 25, 269, 269, 30, 1, 269, 3, '1;'),
(172, 25, 269, 0, 31, 1, 0, 3, ''),
(173, 25, 269, 0, 32, 7, 0, 0, '1'),
(174, 25, 269, 0, 33, 1, 0, 3, ''),
(175, 25, 269, 0, 34, 1, 0, 0, ''),
(176, 25, 269, 0, 35, 5, 0, 0, ''),
(177, 25, 269, 0, 36, 1, 0, 0, ''),
(178, 25, 269, 0, 37, 5, 0, 3, ''),
(179, 25, 269, 0, 38, 1, 0, 3, ''),
(180, 25, 269, 0, 39, 1, 0, 0, ''),
(181, 25, 269, 0, 40, 1, 0, 0, ''),
(182, 25, 269, 0, 41, 1, 0, 0, ''),
(183, 25, 269, 64, 42, 1, 64, 0, '1;'),
(184, 25, 269, 0, 43, 1, 0, 0, ''),
(185, 25, 269, 0, 44, 1, 0, 0, ''),
(186, 25, 269, 0, 45, 1, 0, 0, '1'),
(187, 25, 269, 0, 46, 1, 0, 0, ''),
(188, 25, 269, 0, 47, 1, 0, 3, ''),
(189, 26, 0, 0, 48, 4, 0, 3, ''),
(190, 26, 0, 0, 49, 3, 0, 0, ''),
(191, 26, 269, 0, 50, 4, 0, 3, ''),
(192, 26, 269, 0, 51, 1, 0, 0, ''),
(193, 26, 269, 0, 52, 1, 0, 0, ''),
(194, 26, 0, 0, 53, 3, 0, 0, ''),
(195, 26, 0, 0, 54, 4, 0, 0, ''),
(196, 26, 269, 0, 55, 1, 0, 0, ''),
(197, 26, 269, 0, 56, 1, 0, 0, ''),
(198, 26, 0, 0, 57, 3, 0, 0, ''),
(199, 26, 0, 0, 58, 1, 0, 0, ''),
(200, 26, 0, 0, 59, 4, 0, 0, ''),
(201, 26, 0, 0, 60, 4, 0, 3, ''),
(202, 26, 0, 0, 61, 4, 0, 0, ''),
(203, 26, 269, 0, 62, 1, 0, 3, ''),
(204, 26, 0, 0, 63, 4, 0, 0, ''),
(205, 26, 0, 0, 64, 4, 0, 0, ''),
(206, 26, 0, 0, 65, 3, 0, 0, ''),
(207, 26, 269, 0, 66, 1, 0, 3, ''),
(208, 26, 269, 0, 67, 1, 0, 3, ''),
(209, 26, 0, 0, 68, 4, 0, 3, ''),
(210, 26, 0, 0, 69, 4, 0, 0, ''),
(211, 26, 64, 0, 70, 1, 0, 0, ''),
(212, 26, 269, 0, 71, 8, 0, 0, ''),
(213, 26, 269, 0, 72, 1, 0, 0, ''),
(214, 26, 0, 0, 73, 15, 0, 0, ''),
(215, 26, 64, 0, 74, 1, 0, 0, ''),
(216, 26, 64, 0, 75, 1, 0, 0, ''),
(217, 26, 269, 269, 76, 10, 269, 3, '1;'),
(218, 26, 269, 0, 77, 14, 0, 0, ''),
(219, 26, 64, 0, 78, 1, 0, 0, ''),
(220, 26, 64, 0, 79, 1, 0, 0, ''),
(221, 26, 64, 0, 80, 1, 0, 0, ''),
(222, 26, 64, 0, 81, 1, 0, 0, ''),
(223, 26, 64, 0, 82, 1, 0, 0, ''),
(224, 26, 64, 0, 83, 1, 0, 0, ''),
(225, 26, 64, 64, 84, 1, 64, 3, '1;'),
(226, 26, 64, 0, 85, 1, 0, 0, ''),
(227, 26, 64, 0, 86, 1, 0, 3, ''),
(228, 26, 64, 0, 87, 1, 0, 0, ''),
(229, 26, 64, 0, 88, 1, 0, 3, ''),
(230, 26, 64, 0, 89, 1, 0, 0, ''),
(231, 26, 64, 0, 90, 1, 0, 0, ''),
(232, 26, 64, 0, 91, 1, 0, 3, ''),
(233, 26, 64, 0, 92, 1, 0, 0, ''),
(234, 26, 64, 0, 93, 1, 0, 0, ''),
(235, 26, 0, 0, 94, 1, 0, 0, ''),
(236, 26, 64, 0, 95, 1, 0, 0, ''),
(237, 26, 0, 0, 48, 4, 0, 3, ''),
(238, 26, 0, 0, 49, 3, 0, 0, ''),
(239, 26, 269, 0, 50, 4, 0, 0, ''),
(240, 26, 269, 0, 51, 1, 0, 0, ''),
(241, 26, 269, 0, 52, 1, 0, 0, ''),
(242, 26, 0, 0, 53, 3, 0, 3, ''),
(243, 26, 0, 0, 54, 4, 0, 0, ''),
(244, 26, 269, 0, 55, 1, 0, 0, ''),
(245, 26, 269, 0, 56, 1, 0, 0, ''),
(246, 26, 0, 0, 57, 3, 0, 3, ''),
(247, 26, 0, 0, 58, 1, 0, 3, ''),
(248, 26, 0, 0, 59, 4, 0, 3, ''),
(249, 26, 0, 0, 60, 4, 0, 0, ''),
(250, 26, 0, 0, 61, 4, 0, 0, ''),
(251, 26, 269, 0, 62, 1, 0, 0, ''),
(252, 26, 0, 0, 63, 4, 0, 0, ''),
(253, 26, 0, 0, 64, 4, 0, 0, ''),
(254, 26, 0, 0, 65, 3, 0, 0, ''),
(255, 26, 269, 0, 66, 1, 0, 3, ''),
(256, 26, 269, 0, 67, 1, 0, 0, ''),
(257, 26, 0, 0, 68, 4, 0, 3, ''),
(258, 26, 0, 0, 69, 4, 0, 0, ''),
(259, 26, 64, 0, 70, 1, 0, 0, ''),
(260, 26, 269, 0, 71, 8, 0, 3, ''),
(261, 26, 269, 0, 72, 1, 0, 0, ''),
(262, 26, 269, 269, 73, 15, 269, 0, '1;'),
(263, 26, 64, 0, 74, 1, 0, 0, ''),
(264, 26, 64, 0, 75, 1, 0, 0, ''),
(265, 26, 269, 0, 76, 10, 0, 0, ''),
(266, 26, 269, 0, 77, 14, 0, 0, ''),
(267, 26, 64, 0, 78, 1, 0, 0, ''),
(268, 26, 64, 0, 79, 1, 0, 0, ''),
(269, 26, 64, 0, 80, 1, 0, 0, ''),
(270, 26, 64, 0, 81, 1, 0, 0, ''),
(271, 26, 64, 0, 82, 1, 0, 0, ''),
(272, 26, 64, 0, 83, 1, 0, 0, ''),
(273, 26, 64, 0, 84, 1, 0, 0, ''),
(274, 26, 64, 0, 85, 1, 0, 0, ''),
(275, 26, 64, 0, 86, 1, 0, 0, ''),
(276, 26, 64, 0, 87, 1, 0, 0, ''),
(277, 26, 64, 0, 88, 1, 0, 0, ''),
(278, 26, 64, 0, 89, 1, 0, 3, ''),
(279, 26, 64, 0, 90, 1, 0, 0, ''),
(280, 26, 64, 0, 91, 1, 0, 0, ''),
(281, 26, 64, 0, 92, 1, 0, 3, ''),
(282, 26, 64, 0, 93, 1, 0, 0, ''),
(283, 26, 64, 64, 94, 1, 64, 0, '1;'),
(284, 26, 64, 0, 95, 1, 0, 0, ''),
(285, 27, 0, 0, 1, 3, 0, 0, ''),
(286, 27, 0, 0, 2, 3, 0, 0, ''),
(287, 27, 0, 0, 3, 4, 0, 0, ''),
(288, 27, 0, 0, 4, 3, 0, 3, ''),
(289, 27, 0, 0, 5, 4, 0, 0, ''),
(290, 27, 0, 0, 6, 4, 0, 0, ''),
(291, 27, 0, 0, 7, 3, 0, 0, ''),
(292, 27, 268, 0, 8, 1, 0, 0, ''),
(293, 27, 268, 268, 9, 1, 268, 0, '1;'),
(294, 27, 268, 0, 10, 1, 0, 3, '5'),
(295, 27, 0, 0, 11, 4, 0, 3, ''),
(296, 27, 0, 0, 12, 3, 0, 0, ''),
(297, 27, 0, 0, 13, 3, 0, 0, ''),
(298, 27, 268, 0, 14, 1, 0, 0, ''),
(299, 27, 0, 0, 15, 4, 0, 0, ''),
(300, 27, 0, 0, 16, 3, 0, 0, ''),
(301, 27, 0, 0, 17, 4, 0, 0, ''),
(302, 27, 268, 0, 18, 20, 0, 3, '5'),
(303, 27, 0, 0, 19, 4, 0, 0, ''),
(304, 27, 0, 0, 20, 3, 0, 0, ''),
(305, 27, 0, 0, 21, 3, 0, 0, ''),
(306, 27, 0, 0, 22, 3, 0, 3, ''),
(307, 27, 0, 0, 23, 3, 0, 0, ''),
(308, 27, 0, 0, 24, 3, 0, 0, ''),
(309, 27, 0, 0, 25, 3, 0, 0, ''),
(310, 27, 0, 0, 26, 4, 0, 0, ''),
(311, 27, 0, 0, 27, 3, 0, 0, ''),
(312, 27, 0, 0, 28, 4, 0, 0, ''),
(313, 27, 0, 0, 29, 3, 0, 3, ''),
(314, 27, 0, 0, 30, 3, 0, 0, ''),
(315, 27, 0, 0, 31, 3, 0, 0, ''),
(316, 27, 0, 0, 32, 3, 0, 0, ''),
(317, 27, 0, 0, 33, 4, 0, 0, ''),
(318, 27, 268, 0, 34, 1, 0, 0, ''),
(319, 27, 268, 0, 35, 1, 0, 0, ''),
(320, 27, 0, 0, 36, 3, 0, 0, ''),
(321, 27, 268, 0, 37, 20, 0, 0, ''),
(322, 27, 0, 0, 38, 3, 0, 0, ''),
(323, 27, 0, 0, 39, 3, 0, 0, ''),
(324, 27, 0, 0, 40, 3, 0, 0, ''),
(325, 27, 0, 0, 41, 3, 0, 0, ''),
(326, 27, 0, 0, 42, 3, 0, 0, ''),
(327, 27, 0, 0, 43, 3, 0, 0, ''),
(328, 27, 0, 0, 44, 3, 0, 0, ''),
(329, 27, 0, 0, 45, 3, 0, 3, ''),
(330, 27, 0, 0, 46, 3, 0, 0, ''),
(331, 27, 0, 0, 47, 3, 0, 0, ''),
(332, 28, 0, 0, 1, 3, 0, 0, ''),
(333, 28, 0, 0, 2, 3, 0, 0, ''),
(334, 28, 0, 0, 3, 4, 0, 3, ''),
(335, 28, 0, 0, 4, 3, 0, 0, ''),
(336, 28, 0, 0, 5, 4, 0, 3, ''),
(337, 28, 0, 0, 6, 4, 0, 0, ''),
(338, 28, 270, 270, 7, 4, 270, 0, '1;'),
(339, 28, 0, 0, 8, 4, 0, 0, ''),
(340, 28, 0, 0, 9, 3, 0, 0, ''),
(341, 28, 0, 0, 10, 3, 0, 3, ''),
(342, 28, 0, 0, 11, 4, 0, 3, ''),
(343, 28, 0, 0, 12, 3, 0, 0, ''),
(344, 28, 0, 0, 13, 3, 0, 0, ''),
(345, 28, 0, 0, 14, 3, 0, 3, ''),
(346, 28, 0, 0, 15, 4, 0, 0, ''),
(347, 28, 0, 0, 16, 3, 0, 0, ''),
(348, 28, 0, 0, 17, 4, 0, 0, ''),
(349, 28, 0, 0, 18, 4, 0, 0, ''),
(350, 28, 0, 0, 19, 4, 0, 0, ''),
(351, 28, 0, 0, 20, 3, 0, 0, ''),
(352, 28, 0, 0, 21, 3, 0, 0, ''),
(353, 28, 0, 0, 22, 3, 0, 0, ''),
(354, 28, 0, 0, 23, 3, 0, 0, ''),
(355, 28, 0, 0, 24, 3, 0, 3, ''),
(356, 28, 0, 0, 25, 3, 0, 3, ''),
(357, 28, 0, 0, 26, 4, 0, 0, ''),
(358, 28, 0, 0, 27, 3, 0, 3, ''),
(359, 28, 0, 0, 28, 4, 0, 0, ''),
(360, 28, 0, 0, 29, 3, 0, 0, ''),
(361, 28, 0, 0, 30, 3, 0, 0, ''),
(362, 28, 0, 0, 31, 3, 0, 0, ''),
(363, 28, 0, 0, 32, 3, 0, 3, ''),
(364, 28, 0, 0, 33, 4, 0, 0, ''),
(365, 28, 0, 0, 34, 3, 0, 3, ''),
(366, 28, 0, 0, 35, 3, 0, 0, ''),
(367, 28, 0, 0, 36, 3, 0, 3, ''),
(368, 28, 0, 0, 37, 3, 0, 0, ''),
(369, 28, 0, 0, 38, 3, 0, 3, ''),
(370, 28, 0, 0, 39, 3, 0, 0, ''),
(371, 28, 0, 0, 40, 3, 0, 0, ''),
(372, 28, 0, 0, 41, 3, 0, 0, ''),
(373, 28, 0, 0, 42, 3, 0, 3, ''),
(374, 28, 0, 0, 43, 3, 0, 0, ''),
(375, 28, 0, 0, 44, 3, 0, 0, ''),
(376, 28, 0, 0, 45, 3, 0, 0, ''),
(377, 28, 0, 0, 46, 3, 0, 0, ''),
(378, 28, 0, 0, 47, 3, 0, 0, ''),
(379, 29, 268, 0, 1, 1, 0, 3, ''),
(380, 29, 268, 268, 2, 1, 268, 0, '1;6;'),
(381, 29, 268, 0, 3, 1, 0, 0, ''),
(382, 29, 268, 0, 4, 19, 0, 0, ''),
(383, 29, 268, 0, 5, 1, 0, 0, ''),
(384, 29, 268, 0, 6, 1, 0, 0, ''),
(385, 29, 268, 0, 7, 1, 0, 0, ''),
(386, 29, 268, 0, 8, 1, 0, 0, ''),
(387, 29, 268, 0, 9, 1, 0, 0, ''),
(388, 29, 268, 0, 10, 1, 0, 0, ''),
(389, 29, 268, 0, 11, 1, 0, 0, ''),
(390, 29, 0, 0, 12, 3, 0, 2, ''),
(391, 29, 0, 0, 13, 3, 0, 0, ''),
(392, 29, 268, 0, 14, 10, 0, 0, ''),
(393, 29, 268, 0, 15, 1, 0, 0, ''),
(394, 29, 268, 0, 16, 1, 0, 3, ''),
(395, 29, 268, 0, 17, 1, 0, 0, ''),
(396, 29, 268, 0, 18, 13, 0, 0, ''),
(397, 29, 268, 0, 19, 5, 0, 0, ''),
(398, 29, 0, 0, 20, 3, 0, 0, ''),
(399, 29, 268, 0, 21, 1, 0, 0, ''),
(400, 29, 268, 0, 22, 6, 0, 0, ''),
(401, 29, 268, 0, 23, 1, 0, 1, ''),
(402, 29, 268, 0, 24, 1, 0, 0, ''),
(403, 29, 268, 0, 25, 1, 0, 0, ''),
(404, 29, 0, 0, 26, 4, 0, 3, ''),
(405, 29, 268, 0, 27, 1, 0, 0, ''),
(406, 29, 268, 0, 28, 62, 0, 0, ''),
(407, 29, 268, 0, 29, 1, 0, 0, ''),
(408, 29, 268, 269, 30, 1, 269, 0, '1;6;'),
(409, 29, 268, 0, 31, 1, 0, 0, ''),
(410, 29, 268, 0, 32, 62, 0, 0, ''),
(411, 29, 268, 0, 33, 11, 0, 0, ''),
(412, 29, 268, 0, 34, 1, 0, 0, ''),
(413, 29, 268, 0, 35, 1, 0, 0, ''),
(414, 29, 0, 0, 36, 3, 0, 2, ''),
(415, 29, 268, 0, 37, 1, 0, 0, ''),
(416, 29, 268, 0, 38, 12, 0, 3, ''),
(417, 29, 268, 0, 39, -2, 0, 0, ''),
(418, 29, 268, 0, 40, 1, 0, 0, ''),
(419, 29, 268, 0, 41, 1, 0, 0, ''),
(420, 29, 0, 0, 42, 1, 0, 0, ''),
(421, 29, 268, 0, 43, 1, 0, 0, ''),
(422, 29, 268, 0, 44, 1, 0, 0, ''),
(423, 29, 268, 0, 45, 1, 0, 3, ''),
(424, 29, 268, 0, 46, 1, 0, 0, ''),
(425, 29, 268, 0, 47, 1, 0, 3, ''),
(426, 29, 268, 268, 1, 1, 268, 0, '1;6;'),
(427, 29, 268, 0, 1, 1, 0, 0, ''),
(428, 29, 268, 0, 2, 1, 0, 0, ''),
(429, 29, 268, 0, 3, 1, 0, 1, ''),
(430, 29, 268, 0, 4, 19, 0, 0, ''),
(431, 29, 268, 0, 5, 1, 0, 0, ''),
(432, 29, 268, 0, 6, 1, 0, 0, ''),
(433, 29, 268, 0, 7, 1, 0, 3, ''),
(434, 29, 268, 0, 8, 1, 0, 0, ''),
(435, 29, 268, 0, 9, 1, 0, 0, ''),
(436, 29, 268, 0, 10, 1, 0, 0, ''),
(437, 29, 268, 0, 11, 1, 0, 2, ''),
(438, 29, 0, 0, 12, 3, 0, 0, ''),
(439, 29, 0, 0, 13, 3, 0, 0, ''),
(440, 29, 268, 0, 14, 10, 0, 3, ''),
(441, 29, 268, 0, 15, 1, 0, 0, ''),
(442, 29, 268, 0, 16, 1, 0, 0, ''),
(443, 29, 268, 0, 17, 1, 0, 0, ''),
(444, 29, 268, 0, 18, 13, 0, 0, ''),
(445, 29, 268, 0, 19, 5, 0, 0, ''),
(446, 29, 0, 0, 20, 3, 0, 0, ''),
(447, 29, 268, 0, 21, 1, 0, 2, ''),
(448, 29, 268, 0, 22, 6, 0, 0, ''),
(449, 29, 268, 0, 23, 1, 0, 2, ''),
(450, 29, 268, 0, 24, 1, 0, 0, ''),
(451, 29, 268, 0, 25, 1, 0, 0, ''),
(452, 29, 0, 0, 26, 4, 0, 0, ''),
(453, 29, 268, 0, 27, 1, 0, 0, ''),
(454, 29, 268, 0, 28, 62, 0, 3, ''),
(455, 29, 268, 0, 29, 1, 0, 3, ''),
(456, 29, 268, 0, 30, 1, 0, 0, ''),
(457, 29, 268, 0, 31, 1, 0, 0, ''),
(458, 29, 268, 269, 32, 62, 269, 0, '1;6;'),
(459, 29, 268, 0, 33, 11, 0, 0, ''),
(460, 29, 268, 0, 34, 1, 0, 0, ''),
(461, 29, 268, 0, 35, 1, 0, 0, ''),
(462, 29, 0, 0, 36, 3, 0, 3, ''),
(463, 29, 268, 0, 37, 1, 0, 0, ''),
(464, 29, 268, 0, 38, 12, 0, 0, ''),
(465, 29, 268, 0, 39, -2, 0, 0, ''),
(466, 29, 268, 0, 40, 1, 0, 0, ''),
(467, 29, 268, 0, 41, 1, 0, 0, ''),
(468, 29, 268, 268, 42, 1, 268, 0, '1;6;'),
(469, 29, 268, 0, 43, 1, 0, 3, ''),
(470, 29, 268, 0, 44, 1, 0, 3, ''),
(471, 29, 268, 0, 45, 1, 0, 2, ''),
(472, 29, 268, 0, 46, 1, 0, 0, ''),
(473, 29, 268, 0, 47, 1, 0, 0, ''),
(474, 30, 0, 0, 1, 3, 0, 0, ''),
(475, 30, 0, 0, 2, 3, 0, 0, ''),
(476, 30, 0, 0, 3, 4, 0, 0, ''),
(477, 30, 0, 0, 4, 3, 0, 0, ''),
(478, 30, 0, 0, 5, 4, 0, 0, ''),
(479, 30, 0, 0, 6, 4, 0, 0, ''),
(480, 30, 0, 0, 7, 3, 0, 0, ''),
(481, 30, 0, 0, 8, 4, 0, 1, ''),
(482, 30, 0, 0, 9, 3, 0, 0, ''),
(483, 30, 0, 0, 10, 3, 0, 0, ''),
(484, 30, 0, 0, 11, 4, 0, 0, ''),
(485, 30, 0, 0, 12, 3, 0, 3, ''),
(486, 30, 0, 0, 13, 3, 0, 0, ''),
(487, 30, 0, 0, 14, 3, 0, 0, ''),
(488, 30, 0, 0, 15, 4, 0, 0, ''),
(489, 30, 0, 0, 16, 3, 0, 0, ''),
(490, 30, 0, 0, 17, 4, 0, 0, ''),
(491, 30, 0, 0, 18, 4, 0, 0, ''),
(492, 30, 0, 0, 19, 4, 0, 0, ''),
(493, 30, 0, 0, 20, 3, 0, 0, ''),
(494, 30, 0, 0, 21, 3, 0, 0, ''),
(495, 30, 0, 0, 22, 3, 0, 0, ''),
(496, 30, 0, 0, 23, 3, 0, 2, ''),
(497, 30, 269, 269, 24, 4, 269, 2, '6;1;'),
(498, 30, 0, 0, 25, 3, 0, 0, ''),
(499, 30, 0, 0, 26, 4, 0, 0, ''),
(500, 30, 0, 0, 27, 3, 0, 0, ''),
(501, 30, 0, 0, 28, 4, 0, 0, ''),
(502, 30, 0, 0, 29, 3, 0, 0, ''),
(503, 30, 0, 0, 30, 3, 0, 0, ''),
(504, 30, 0, 0, 31, 3, 0, 0, ''),
(505, 30, 0, 0, 32, 3, 0, 0, ''),
(506, 30, 0, 0, 33, 4, 0, 0, ''),
(507, 30, 0, 0, 34, 3, 0, 0, ''),
(508, 30, 0, 0, 35, 3, 0, 0, ''),
(509, 30, 0, 0, 36, 3, 0, 0, ''),
(510, 30, 0, 0, 37, 3, 0, 0, ''),
(511, 30, 0, 0, 38, 3, 0, 0, ''),
(512, 30, 268, 268, 39, 4, 268, 0, '6;1;'),
(513, 30, 268, 0, 40, 1, 0, 0, ''),
(514, 30, 0, 0, 41, 1, 0, 0, ''),
(515, 30, 0, 0, 42, 1, 0, 0, ''),
(516, 30, 269, 0, 43, 7, 0, 0, ''),
(517, 30, 0, 0, 44, 3, 0, 1, ''),
(518, 30, 0, 0, 45, 3, 0, 0, ''),
(519, 30, 0, 0, 46, 3, 0, 0, ''),
(520, 30, 0, 0, 47, 3, 0, 3, ''),
(521, 30, 0, 0, 1, 3, 0, 0, ''),
(522, 30, 0, 0, 2, 3, 0, 0, ''),
(523, 30, 0, 0, 3, 4, 0, 3, ''),
(524, 30, 0, 0, 4, 3, 0, 0, ''),
(525, 30, 0, 0, 5, 4, 0, 3, ''),
(526, 30, 0, 0, 6, 4, 0, 1, ''),
(527, 30, 0, 0, 7, 3, 0, 0, ''),
(528, 30, 0, 0, 8, 4, 0, 3, ''),
(529, 30, 0, 0, 9, 3, 0, 0, ''),
(530, 30, 0, 0, 10, 3, 0, 0, ''),
(531, 30, 0, 0, 11, 4, 0, 0, ''),
(532, 30, 0, 0, 12, 3, 0, 1, ''),
(533, 30, 0, 0, 13, 3, 0, 0, ''),
(534, 30, 0, 0, 14, 3, 0, 1, ''),
(535, 30, 0, 0, 15, 4, 0, 2, ''),
(536, 30, 0, 0, 16, 3, 0, 0, ''),
(537, 30, 0, 0, 17, 4, 0, 0, ''),
(538, 30, 0, 0, 18, 4, 0, 0, ''),
(539, 30, 0, 0, 19, 4, 0, 2, ''),
(540, 30, 0, 0, 20, 3, 0, 0, ''),
(541, 30, 0, 0, 21, 3, 0, 1, ''),
(542, 30, 0, 0, 22, 3, 0, 0, ''),
(543, 30, 0, 0, 23, 3, 0, 1, ''),
(544, 30, 0, 0, 24, 3, 0, 0, ''),
(545, 30, 0, 0, 25, 3, 0, 0, ''),
(546, 30, 0, 0, 26, 4, 0, 1, ''),
(547, 30, 0, 0, 27, 3, 0, 0, ''),
(548, 30, 0, 0, 28, 4, 0, 0, ''),
(549, 30, 0, 0, 29, 3, 0, 3, ''),
(550, 30, 0, 0, 30, 3, 0, 0, ''),
(551, 30, 0, 0, 31, 3, 0, 0, ''),
(552, 30, 0, 0, 32, 3, 0, 0, ''),
(553, 30, 0, 0, 33, 4, 0, 0, ''),
(554, 30, 0, 0, 34, 3, 0, 0, ''),
(555, 30, 0, 0, 35, 3, 0, 0, ''),
(556, 30, 0, 0, 36, 3, 0, 3, ''),
(557, 30, 0, 0, 37, 3, 0, 0, ''),
(558, 30, 0, 0, 38, 3, 0, 2, ''),
(559, 30, 0, 0, 39, 3, 0, 2, ''),
(560, 30, 268, 0, 40, 1, 0, 0, ''),
(561, 30, 268, 268, 41, 1, 268, 0, '6;1;'),
(562, 30, 269, 269, 42, 1, 269, 0, '6;1;'),
(563, 30, 269, 0, 43, 7, 0, 3, ''),
(564, 30, 0, 0, 44, 3, 0, 0, ''),
(565, 30, 0, 0, 45, 3, 0, 0, ''),
(566, 30, 0, 0, 46, 3, 0, 0, ''),
(567, 30, 0, 0, 47, 3, 0, 0, '');

-- --------------------------------------------------------

--
-- Structure de la table `game_player`
--

CREATE TABLE IF NOT EXISTS `game_player` (
  `game_player_id` int(12) unsigned NOT NULL AUTO_INCREMENT,
  `game_player_region_id` int(12) NOT NULL,
  `game_player_difficulty_id` int(12) NOT NULL DEFAULT '1',
  `game_player_statut` int(12) DEFAULT '1',
  `game_player_game_id` int(12) NOT NULL,
  `game_player_user_id` int(12) NOT NULL,
  `game_player_color_id` int(12) NOT NULL,
  `game_player_enter_time` int(12) NOT NULL,
  `game_player_order` int(12) NOT NULL,
  `game_player_bot` int(12) NOT NULL,
  `game_player_quit` int(12) NOT NULL,
  PRIMARY KEY (`game_player_id`)
) ENGINE=InnoDB  DEFAULT CHARSET=latin1 AUTO_INCREMENT=55 ;

--
-- Contenu de la table `game_player`
--

INSERT INTO `game_player` (`game_player_id`, `game_player_region_id`, `game_player_difficulty_id`, `game_player_statut`, `game_player_game_id`, `game_player_user_id`, `game_player_color_id`, `game_player_enter_time`, `game_player_order`, `game_player_bot`, `game_player_quit`) VALUES
(17, 5, 1, 1, 22, 269, 1, 1468000906, 0, 0, 1),
(18, 3, 1, 1, 22, 268, 4, 1468008679, 0, 0, 1),
(19, 1, 1, 1, 22, 270, 7, 1468339014, 0, 0, 1),
(31, 1, 1, 0, 21, 1, 1, 1468657635, 0, 0, 0),
(32, 1, 1, 0, 21, 272, 1, 1468657648, 0, 0, 0),
(33, 3, 1, 1, 20, 269, 2, 1468658181, 3, 0, 1),
(34, 1, 1, 1, 20, 270, 4, 1468658906, 2, 0, 1),
(40, 1, 1, 1, 24, 64, 5, 1469871314, 2, 0, 1),
(41, 5, 1, 1, 24, 269, 7, 1469871356, 1, 0, 1),
(42, 5, 1, 1, 25, 64, 10, 1469873278, 2, 0, 1),
(43, 3, 1, 1, 25, 269, 5, 1469873280, 1, 0, 1),
(44, 1, 1, 1, 26, 269, 8, 1469874431, 1, 0, 1),
(45, 1, 1, 1, 26, 64, 9, 1469874436, 2, 0, 1),
(46, 1, 1, 0, 26, 268, 1, 1469879052, 0, 0, 1),
(47, 1, 1, 1, 27, 268, 2, 1469880061, 1, 0, 1),
(48, 1, 1, 1, 28, 270, 5, 1469882752, 1, 0, 1),
(49, 1, 1, 0, 20, 268, 1, 1469977969, 0, 0, 1),
(50, 1, 1, 1, 29, 268, 10, 1469978760, 2, 0, 1),
(52, 4, 1, 1, 29, 269, 2, 1469978841, 1, 0, 1),
(53, 3, 1, 1, 30, 269, 7, 1470250475, 2, 0, 0),
(54, 6, 1, 1, 30, 268, 6, 1470250482, 1, 0, 0);

-- --------------------------------------------------------

--
-- Structure de la table `harbor`
--

CREATE TABLE IF NOT EXISTS `harbor` (
  `harbor_id` int(12) unsigned NOT NULL AUTO_INCREMENT,
  `harbor_land_id_one` int(12) NOT NULL,
  `harbor_land_id_two` int(12) NOT NULL,
  `harbor_map_id` int(11) NOT NULL,
  PRIMARY KEY (`harbor_id`)
) ENGINE=InnoDB  DEFAULT CHARSET=latin1 AUTO_INCREMENT=11 ;

--
-- Contenu de la table `harbor`
--

INSERT INTO `harbor` (`harbor_id`, `harbor_land_id_one`, `harbor_land_id_two`, `harbor_map_id`) VALUES
(1, 28, 12, 1),
(2, 12, 28, 1),
(3, 31, 41, 1),
(4, 41, 31, 1),
(5, 36, 42, 1),
(6, 42, 36, 1),
(7, 48, 57, 2),
(8, 57, 48, 2),
(9, 79, 95, 2),
(10, 95, 79, 2);

-- --------------------------------------------------------

--
-- Structure de la table `land`
--

CREATE TABLE IF NOT EXISTS `land` (
  `land_id` int(16) unsigned NOT NULL AUTO_INCREMENT,
  `land_name` varchar(128) NOT NULL,
  `land_map_id` int(11) NOT NULL,
  `land_abv` varchar(128) NOT NULL,
  `land_image` varchar(128) NOT NULL,
  `land_continent_id` int(16) NOT NULL,
  `land_position_top` varchar(16) NOT NULL,
  `land_position_left` varchar(16) NOT NULL,
  `land_base_units` int(4) NOT NULL,
  `land_harbor` int(4) NOT NULL,
  PRIMARY KEY (`land_id`)
) ENGINE=MyISAM  DEFAULT CHARSET=latin1 AUTO_INCREMENT=96 ;

--
-- Contenu de la table `land`
--

INSERT INTO `land` (`land_id`, `land_name`, `land_map_id`, `land_abv`, `land_image`, `land_continent_id`, `land_position_top`, `land_position_left`, `land_base_units`, `land_harbor`) VALUES
(1, 'Britain', 1, 'GB', 'britain', 1, '6.3', '34', 3, 0),
(2, 'Iceland', 1, '', 'iceland', 1, '3.4', '30.5', 3, 0),
(3, 'Northern Europe', 1, ' EU-North', 'northern-europe', 1, '6.55', '38.55', 4, 0),
(4, 'Scandinavia', 1, '', 'scandinavia', 1, '3.1', '38.95', 3, 0),
(5, 'Southern Europe', 1, ' Eu-South', 'southern-europe', 1, '9.6', '39.35', 4, 0),
(6, 'Ukraine', 1, '', 'ukraine', 1, '3.3', '43.00', 4, 0),
(7, 'Western Europe', 1, ' EU-Western', 'western-europe', 1, '8.95', '35.2', 3, 0),
(8, 'Afghanistan', 1, '', 'afghanistan', 2, '7.75', '49.95', 4, 0),
(9, 'China', 1, '', 'china', 2, '9.55', '57.85', 3, 0),
(10, 'India', 1, '', 'india', 2, '13.05', '54.55', 3, 0),
(11, 'Tchita', 1, '', 'tchita', 2, '5.05', '60.6', 4, 0),
(12, 'Japan', 1, '', 'japan', 2, '11.1', '74.4', 3, 1),
(13, 'Kamchatka', 1, '', 'kamchatka', 2, '3.45', '69.8', 3, 0),
(14, 'Middle East', 1, '', 'middle-east', 2, '11.9', '44.8', 3, 0),
(15, 'Mongolia', 1, '', 'mongolia', 2, '8.25', '60.7', 4, 0),
(16, 'Siam', 1, '', 'siam', 2, '16.4', '64.4', 3, 0),
(17, 'Siberia', 1, '', 'siberia', 2, '1.45', '54.85', 4, 0),
(18, 'Urals', 1, '', 'urals', 2, '2.75', '51.27', 4, 0),
(19, 'Yakutia', 1, '', 'yakutia', 2, '2.4', '60.95', 4, 0),
(20, 'Alaska', 1, '', 'alaska', 3, '2.35', '0', 3, 0),
(21, 'Alberta', 1, '', 'alberta', 3, '5.5', '6.7', 3, 0),
(22, 'Central America', 1, 'USA-Central', 'central-america', 3, '14.05', '6.05', 3, 0),
(23, 'States of the East', 1, 'USA East', 'states-of-the-east', 3, '8.75', '8.85', 3, 0),
(24, 'Greenland', 1, '', 'greenland', 3, '1.3', '24.1', 3, 0),
(25, 'Northwest Territories', 1, 'Land-NO', 'northwest-territories', 3, '1.45', '6.45', 3, 0),
(26, 'Ontario', 1, '', 'ontario', 1, '5.4', '13.1', 4, 0),
(27, 'Quebec', 1, '', 'quebec', 3, '4.75', '18.45', 3, 0),
(28, 'States of the West', 1, 'USA-West', 'states-of-the-west', 3, '8.85', '5.2', 4, 1),
(29, 'Argentina', 1, '', 'argentina', 4, '30.35', '18.25', 3, 0),
(30, 'Brazil', 1, '', 'brazil', 4, '22.95', '17.15', 3, 0),
(31, 'Peru', 1, '', 'peru', 4, '24.1', '14.87', 3, 1),
(32, 'Venezuela', 1, '', 'venezuela', 4, '20.6', '15.435', 3, 0),
(33, 'Central Africa', 1, ' Afr Central', 'central-africa', 5, '21.9', '40.1', 4, 0),
(34, 'East Africa', 1, 'Afr East', 'east-africa', 5, '17.95', '43.95', 3, 0),
(35, 'Egypt', 1, '', 'egypt', 5, '14.75', '40.35', 3, 0),
(36, 'Madagascar', 1, '', 'madagascar', 5, '29.2', '50.5', 3, 1),
(37, 'North Africa', 1, 'Afr-Nord', 'north-africa', 5, '13.3', '32.25', 3, 0),
(38, 'South Africa', 1, 'Afr-South', 'south-africa', 5, '27.3', '40.95', 3, 0),
(39, 'East Australia', 1, ' Aust-East', 'east-australia', 6, '29.4', '74.55', 3, 0),
(40, 'Indonesia', 1, '', 'indonesia', 6, '18.9', '65.5', 3, 0),
(41, 'New Guinea', 1, 'New New Guinea', 'new-guinea', 6, '24.9', '75.5', 3, 1),
(42, 'Western Australia', 1, 'Austr-West', 'western-australia', 6, '30.3', '70.05', 3, 1),
(43, 'Land of Mac Robertson', 1, 'Mac-Robertson', 'land-of-mac-robertson', 7, '41.7', '63', 3, 0),
(44, 'Victoria Land', 1, '', 'victoria-land', 7, '41.7', '53', 3, 0),
(45, 'Queen Maud Land', 1, 'Queen Maud', 'queen-maud-land', 7, '42.2', '38.85', 3, 0),
(46, 'Marie Byrd Land', 1, '', 'marie-byrd-land', 7, '40.9', '24', 3, 0),
(47, 'Land of Ellsworth', 1, '', 'land-of-ellsworth', 7, '43.8', '8.85', 3, 0),
(48, 'Washington', 2, '', 'washington', 0, '0.95', '19', 4, 1),
(49, 'Oregon ', 2, '', 'oregon', 0, '4.5', '16.5', 3, 0),
(50, 'California', 2, '', 'california', 0, '11', '15.5', 4, 0),
(51, 'Nevada', 2, '', 'nevada', 0, '12.4', '19.95', 3, 0),
(52, 'Idaho ', 2, '', 'idaho', 0, '2.3', '24.75', 4, 0),
(53, 'Utah ', 2, '', 'utah', 0, '13.9', '27.05', 3, 0),
(54, 'Arizona', 2, '', 'arizona', 0, '22.35', '24.45', 4, 0),
(55, 'Wyoming', 2, '', 'wyoming', 0, '9.9', '31.75', 3, 0),
(56, 'Montana', 2, '', 'montana', 0, '2.65', '28.2', 3, 0),
(57, 'Alaska', 2, '', 'alaska', 0, '-0.5', '0', 3, 1),
(58, 'Texas', 2, '', 'texas', 0, '24.8', '35.5', 3, 0),
(59, 'North Dakota', 2, 'North Dakota', 'north-dakota', 0, '4.5', '40.8', 4, 0),
(60, 'South Dakota', 2, 'South Dakota', 'south-dakota', 0, '9.45', '40.5', 4, 0),
(61, 'New Mexico', 2, 'N. Mexico', 'new-mexico', 0, '23.2', '32', 4, 0),
(62, 'Nebraska', 2, '', 'nebraska', 0, '14.2', '40.2', 3, 0),
(63, 'Colorado', 2, '', 'colorado', 0, '16.7', '33.2', 4, 0),
(64, 'Kansas', 2, '', 'kansas', 0, '19.3', '42.1', 4, 0),
(65, 'Oklahoma', 2, '', 'oklahoma', 0, '23.9', '40.95', 3, 0),
(66, 'Minnesota', 2, '', 'minnesota', 0, '4.25', '48.55', 3, 0),
(67, 'Lowa', 2, '', 'lowa', 0, '13.6', '49.05', 4, 0),
(68, 'Missouri', 2, '', 'missouri', 0, '18.2', '50.3', 4, 0),
(69, 'Arkansas', 2, '', 'arkansas', 0, '24.85', '51.75', 4, 0),
(70, 'Louisiana', 2, '', 'louisiana', 0, '30.2', '52.75', 3, 0),
(71, 'Mississippi', 2, '', 'mississippi', 0, '26.9', '56.25', 4, 0),
(72, 'Wisconsin', 2, '', 'wisconsin', 0, '6.85', '53.4', 3, 0),
(73, 'Illinois', 2, '', 'illinois', 0, '14.95', '55.4', 3, 0),
(74, 'Michigan', 2, '', 'michigan', 0, '9.15', '60.8', 3, 0),
(75, 'Indiana ', 2, '', 'indiana', 0, '15.65', '59.95', 4, 0),
(76, 'Kentucky', 2, '', 'kentucky', 0, '20', '58.4', 3, 0),
(77, 'Tennessee', 2, '', 'tennessee', 0, '23.45', '57.6', 3, 0),
(78, 'Alabama', 2, '', 'alabama', 0, '26.55', '60.55', 4, 0),
(79, 'Florida', 2, '', 'florida', 0, '32.7', '61.7', 3, 1),
(80, 'Georgia', 2, '', 'georgia', 0, '26.15', '63.75', 3, 0),
(81, 'Ohio', 2, '', 'ohio', 0, '14.6', '63.2', 4, 0),
(82, 'South Carolina', 2, 'South Carolina', 'south-carolina', 0, '25.55', '66.75', 4, 0),
(83, 'North Carolina', 2, 'North Carolina', 'north-carolina', 0, '22.1', '65.4', 3, 0),
(84, 'Virginia', 2, '', 'virginia', 0, '18.2', '66.5', 3, 0),
(85, 'Western Virginia', 2, '', 'western-virginia', 0, '16.8', '66.9', 3, 0),
(86, 'Maryland', 2, '', 'maryland', 0, '15.8', '71', 4, 0),
(87, 'PA', 2, '', 'pa', 0, '13.45', '68.55', 4, 0),
(88, 'New Jersey', 2, '', 'new-jersey', 0, '14.25', '74.65', 3, 0),
(89, 'New York', 2, '', 'new-york', 0, '8.15', '69.2', 4, 0),
(90, 'Maine', 2, '', 'maine', 0, '3', '77.9', 3, 0),
(91, 'Vermont', 2, '', 'vermont', 0, '7.65', '75.6', 3, 0),
(92, 'New Hampshire', 2, 'N. Hampshire', 'new-hampshire', 0, '7.15', '77.2', 4, 0),
(93, 'Massachusetts', 2, '', 'massachusetts', 0, '10.8', '76.5', 3, 0),
(94, 'Connecticut', 2, '', 'connecticut', 0, '12.3', '76.55', 4, 0),
(95, 'Hawaii', 2, '', 'hawaii', 0, '35', '78', 3, 1);

-- --------------------------------------------------------

--
-- Structure de la table `map`
--

CREATE TABLE IF NOT EXISTS `map` (
  `map_id` int(11) unsigned NOT NULL AUTO_INCREMENT,
  `map_name` varchar(128) NOT NULL,
  `map_music` varchar(128) NOT NULL,
  `map_leftmenutop_top` int(11) NOT NULL,
  `map_leftmenutop_left` int(11) NOT NULL,
  `map_rightmenutop_top` int(11) NOT NULL,
  `map_rightmenutop_left` int(11) NOT NULL,
  `map_continent` int(11) NOT NULL,
  `map_land_id_begin` int(11) NOT NULL,
  `map_land_id_end` int(11) NOT NULL,
  PRIMARY KEY (`map_id`)
) ENGINE=InnoDB  DEFAULT CHARSET=latin1 AUTO_INCREMENT=5 ;

--
-- Contenu de la table `map`
--

INSERT INTO `map` (`map_id`, `map_name`, `map_music`, `map_leftmenutop_top`, `map_leftmenutop_left`, `map_rightmenutop_top`, `map_rightmenutop_left`, `map_continent`, `map_land_id_begin`, `map_land_id_end`) VALUES
(1, 'World', 'Schwarzweiss-War_Theme.mp3', 35, 1, 33, 83, 1, 1, 47),
(2, 'USA', 'Schwarzweiss-Drums_of_liberty.mp3', 35, 1, 30, 84, 0, 48, 95),
(3, 'Europe', '', 0, 0, 0, 0, 0, 0, 0),
(4, 'France', '', 0, 0, 0, 0, 0, 0, 0);

-- --------------------------------------------------------

--
-- Structure de la table `message`
--

CREATE TABLE IF NOT EXISTS `message` (
  `id` int(12) unsigned NOT NULL AUTO_INCREMENT,
  `game_id` int(12) NOT NULL,
  `time` int(12) NOT NULL,
  `message` varchar(256) NOT NULL,
  `subject` varchar(128) NOT NULL,
  `pact_id` int(12) NOT NULL,
  `user_send_id` int(12) NOT NULL,
  `user_receive_id` int(12) NOT NULL,
  `del` int(8) NOT NULL,
  PRIMARY KEY (`id`)
) ENGINE=InnoDB  DEFAULT CHARSET=latin1 AUTO_INCREMENT=3 ;

--
-- Contenu de la table `message`
--

INSERT INTO `message` (`id`, `game_id`, `time`, `message`, `subject`, `pact_id`, `user_send_id`, `user_receive_id`, `del`) VALUES
(1, 11, 1441724952, 'GarZz souhaite vous proposer un pacte de Non agression de <span id=''nb_tr''>6</span> tours.', 'Proposition de pacte', 1, 243, 67, 0),
(2, 11, 1441724961, 'herklos a accepté votre proposition de pacte de Non agression de <span id=''nb_tr''>6</span> tours.', 'Proposition de pacte signée', 0, 67, 243, 0);

-- --------------------------------------------------------

--
-- Structure de la table `message_read`
--

CREATE TABLE IF NOT EXISTS `message_read` (
  `id` int(12) unsigned NOT NULL AUTO_INCREMENT,
  `game_id` int(12) NOT NULL,
  `message_id` int(12) NOT NULL,
  `user_receive_id` int(12) NOT NULL,
  `time` int(12) NOT NULL,
  PRIMARY KEY (`id`)
) ENGINE=InnoDB  DEFAULT CHARSET=latin1 AUTO_INCREMENT=2 ;

--
-- Contenu de la table `message_read`
--

INSERT INTO `message_read` (`id`, `game_id`, `message_id`, `user_receive_id`, `time`) VALUES
(1, 11, 1, 67, 1441724958);

-- --------------------------------------------------------

--
-- Structure de la table `mod`
--

CREATE TABLE IF NOT EXISTS `mod` (
  `mod_id` int(16) unsigned NOT NULL AUTO_INCREMENT,
  `mod_name` varchar(32) NOT NULL,
  `mod_max_unit_atk` int(16) NOT NULL,
  `mod_max_unit_def` int(16) NOT NULL,
  `mod_win_condition_id` int(16) NOT NULL,
  PRIMARY KEY (`mod_id`)
) ENGINE=InnoDB  DEFAULT CHARSET=latin1 AUTO_INCREMENT=4 ;

--
-- Contenu de la table `mod`
--

INSERT INTO `mod` (`mod_id`, `mod_name`, `mod_max_unit_atk`, `mod_max_unit_def`, `mod_win_condition_id`) VALUES
(1, 'Default', 3, 2, 1),
(2, 'Anarchy', 100, 100, 0),
(3, 'Capital', 3, 2, 2);

-- --------------------------------------------------------

--
-- Structure de la table `move`
--

CREATE TABLE IF NOT EXISTS `move` (
  `move_id` int(11) unsigned NOT NULL AUTO_INCREMENT,
  `move_game_id` int(11) NOT NULL,
  `move_user_id` int(11) NOT NULL,
  `move_time` int(11) NOT NULL,
  `move_land_id_from` int(11) NOT NULL,
  `move_land_id_arrive` int(11) NOT NULL,
  `move_units` int(11) NOT NULL,
  PRIMARY KEY (`move_id`)
) ENGINE=InnoDB  DEFAULT CHARSET=latin1 AUTO_INCREMENT=33 ;

--
-- Contenu de la table `move`
--

INSERT INTO `move` (`move_id`, `move_game_id`, `move_user_id`, `move_time`, `move_land_id_from`, `move_land_id_arrive`, `move_units`) VALUES
(1, 20, 269, 1469644697, 6, 4, 2),
(2, 20, 269, 1469644819, 4, 6, 3),
(3, 20, 269, 1469645005, 9, 8, 1),
(4, 20, 269, 1469645035, 9, 8, 1),
(5, 20, 269, 1469822628, 6, 18, 3),
(6, 23, 64, 1469825232, 41, 42, 150),
(7, 20, 268, 1469838612, 16, 10, 6),
(8, 20, 268, 1469838624, 10, 16, 5),
(9, 24, 64, 1469871683, 10, 16, 2),
(10, 24, 64, 1469871792, 9, 16, 2),
(11, 24, 269, 1469871817, 41, 42, 4),
(12, 24, 64, 1469871900, 9, 10, 4),
(13, 24, 64, 1469872038, 14, 10, 3),
(14, 24, 269, 1469872119, 16, 40, 2),
(15, 24, 64, 1469872208, 16, 10, 3),
(16, 24, 64, 1469872223, 10, 14, 3),
(17, 24, 64, 1469872729, 36, 34, 8),
(18, 24, 64, 1469872750, 34, 35, 8),
(19, 24, 64, 1469872763, 35, 14, 8),
(20, 24, 269, 1469873107, 12, 13, 13),
(21, 25, 269, 1469873779, 42, 43, 8),
(22, 25, 269, 1469874006, 43, 42, 8),
(23, 25, 269, 1469874220, 36, 38, 7),
(24, 25, 269, 1469874374, 35, 37, 4),
(25, 26, 64, 1469875540, 90, 92, 3),
(26, 26, 64, 1469875557, 92, 91, 3),
(27, 26, 64, 1469875894, 88, 87, 4),
(28, 26, 64, 1469876063, 74, 81, 3),
(29, 26, 64, 1469876079, 81, 85, 3),
(30, 26, 64, 1469876099, 85, 84, 3),
(31, 26, 64, 1469876458, 95, 79, 18),
(32, 29, 268, 1469988601, 8, 14, 9);

-- --------------------------------------------------------

--
-- Structure de la table `pact`
--

CREATE TABLE IF NOT EXISTS `pact` (
  `pact_id` int(12) unsigned NOT NULL AUTO_INCREMENT,
  `pact_game_id` int(12) NOT NULL,
  `pact_ask_user_id` int(12) NOT NULL,
  `pact_accept_user_id` int(12) NOT NULL,
  `pact_pact_type` int(12) NOT NULL,
  `pact_time` int(12) NOT NULL,
  `pact_nb_turn` int(12) NOT NULL,
  `pact_create_turn` int(12) NOT NULL,
  `pact_end_turn` int(12) NOT NULL,
  PRIMARY KEY (`pact_id`)
) ENGINE=InnoDB  DEFAULT CHARSET=latin1 AUTO_INCREMENT=2 ;

--
-- Contenu de la table `pact`
--

INSERT INTO `pact` (`pact_id`, `pact_game_id`, `pact_ask_user_id`, `pact_accept_user_id`, `pact_pact_type`, `pact_time`, `pact_nb_turn`, `pact_create_turn`, `pact_end_turn`) VALUES
(1, 11, 67, 243, 1, 1441724961, 6, 20, 26);

-- --------------------------------------------------------

--
-- Structure de la table `pact_list`
--

CREATE TABLE IF NOT EXISTS `pact_list` (
  `pact_list_id` int(12) unsigned NOT NULL AUTO_INCREMENT,
  `pact_list_name` varchar(128) NOT NULL,
  `pact_list_visibility` int(12) NOT NULL,
  `pact_list_exchange` int(12) NOT NULL,
  PRIMARY KEY (`pact_list_id`)
) ENGINE=InnoDB  DEFAULT CHARSET=latin1 AUTO_INCREMENT=3 ;

--
-- Contenu de la table `pact_list`
--

INSERT INTO `pact_list` (`pact_list_id`, `pact_list_name`, `pact_list_visibility`, `pact_list_exchange`) VALUES
(1, 'Non agression', 0, 0),
(2, 'Alliance', 1, 1);

-- --------------------------------------------------------

--
-- Structure de la table `resource`
--

CREATE TABLE IF NOT EXISTS `resource` (
  `resource_id` int(12) unsigned NOT NULL AUTO_INCREMENT,
  `resource_name` varchar(128) NOT NULL,
  `resource_freq` int(12) NOT NULL,
  `resource_img` varchar(128) NOT NULL,
  `resource_building_id` int(11) NOT NULL,
  `resource_description` varchar(512) NOT NULL,
  PRIMARY KEY (`resource_id`)
) ENGINE=InnoDB  DEFAULT CHARSET=latin1 AUTO_INCREMENT=4 ;

--
-- Contenu de la table `resource`
--

INSERT INTO `resource` (`resource_id`, `resource_name`, `resource_freq`, `resource_img`, `resource_building_id`, `resource_description`) VALUES
(1, 'gold', 5, 'gold', 3, 'gold_description'),
(2, 'silver', 12, 'silver', 4, 'silver_description'),
(3, 'iron', 25, 'iron', 5, 'iron_description');

-- --------------------------------------------------------

--
-- Structure de la table `session`
--

CREATE TABLE IF NOT EXISTS `session` (
  `id` int(16) unsigned NOT NULL AUTO_INCREMENT,
  `user_id` int(16) NOT NULL,
  `ip` varchar(16) NOT NULL,
  `create_time` int(16) NOT NULL,
  `session_id` varchar(128) NOT NULL,
  `session_key` varchar(512) NOT NULL,
  `time_closed` int(16) NOT NULL,
  `valid` int(5) NOT NULL,
  PRIMARY KEY (`id`)
) ENGINE=InnoDB  DEFAULT CHARSET=latin1 AUTO_INCREMENT=61 ;

--
-- Contenu de la table `session`
--

INSERT INTO `session` (`id`, `user_id`, `ip`, `create_time`, `session_id`, `session_key`, `time_closed`, `valid`) VALUES
(47, 9, '0', 1426866182, '54ef33f59895c', '1f26c42291499fe0ddb2cdb0312f9142', 1426866186, 0),
(48, 9, '0', 1426866213, '54ef33f59895c', 'b7cbc1926a03bb816e8b7072da06b61d', 1426866220, 0),
(49, 9, '0', 1426867900, 'fauhlnahi9vaajib4v1sie3s24', 'c7e9bc825803a427a781a4c00d4eb340', 1426867902, 0),
(50, 9, '0', 1426885528, '54ef33f59895c', '6a6fce0ee5c7b67db7fe492f8510da27', 1426885536, 0),
(51, 9, '0', 1426885910, '54ef33f59895c', 'a1c14e69d2f998f19654136d4cb70c23', 1426885912, 0),
(52, 9, '0', 1426886026, '54ef33f59895c', '7d129585e88ae325e788ad2e4d1175a8', 1426886028, 0),
(53, 9, '0', 1426886215, '54ef33f59895c', '2bc6da3e2f66068450531ca7d16369e1', 1426887573, 0),
(54, 14, '0', 1426886357, '8b9ogv02c484r0s5cd60f0cl17', '695a082f2ce6b6ea2a15aa4eb31ad218', 1426886378, 0),
(55, 14, '0', 1426886467, '8b9ogv02c484r0s5cd60f0cl17', '23631a21f3676df19310a20fe6d70d64', 1426886469, 0),
(56, 14, '0', 1426886487, '8b9ogv02c484r0s5cd60f0cl17', 'c5eefabbb627b7bfe989d3ec526d569a', 1426886490, 0),
(57, 14, '0', 1426886575, '8b9ogv02c484r0s5cd60f0cl17', '0f9c092934788f1f6346c1e042b07cc9', 1426886577, 0),
(58, 14, '0', 1426886636, '8b9ogv02c484r0s5cd60f0cl17', '0c08b92abeb15d81e57b9eb9503a97b1', 1426886747, 0),
(59, 14, '0', 1426886761, '8b9ogv02c484r0s5cd60f0cl17', '5fb70a6879e8f4bf940fc9e571249b42', 0, 1),
(60, 9, '0', 1426887734, '54ef33f59895c', 'b5ca3666874453a7e7a77025a683f068', 0, 1);

-- --------------------------------------------------------

--
-- Structure de la table `turn`
--

CREATE TABLE IF NOT EXISTS `turn` (
  `turn_id` int(12) unsigned NOT NULL AUTO_INCREMENT,
  `turn_game_id` int(12) NOT NULL,
  `turn_user_id` int(12) NOT NULL,
  `turn_time` int(12) NOT NULL,
  `turn_time_begin` int(12) NOT NULL,
  `turn_gold` int(12) NOT NULL,
  `turn_gold_base` int(12) NOT NULL,
  `turn_income` int(12) NOT NULL,
  PRIMARY KEY (`turn_id`)
) ENGINE=InnoDB  DEFAULT CHARSET=latin1 AUTO_INCREMENT=258 ;

--
-- Contenu de la table `turn`
--

INSERT INTO `turn` (`turn_id`, `turn_game_id`, `turn_user_id`, `turn_time`, `turn_time_begin`, `turn_gold`, `turn_gold_base`, `turn_income`) VALUES
(1, 20, 269, 1, 1, 5, 2, 4),
(2, 20, 269, 1, 1, 10, 2, 4),
(23, 20, 268, 1468865954, 1468865954, 3, 3, 3),
(31, 20, 64, 1468866691, 1468866691, 3, 3, 3),
(32, 20, 270, 1468866691, 1468866691, 3, 3, 3),
(33, 20, 269, 1468867146, 1, 23, 23, 13),
(34, 20, 268, 1468867163, 1468865954, 6, 6, 3),
(35, 20, 64, 1468867167, 1468866691, 6, 6, 3),
(36, 20, 270, 1468867167, 1468866691, 6, 6, 3),
(37, 20, 269, 1468867174, 1, 36, 36, 13),
(38, 20, 268, 1468868598, 1468865954, 9, 9, 3),
(39, 20, 64, 1468868602, 1468866691, 9, 9, 3),
(40, 20, 270, 1468868602, 1468866691, 9, 9, 3),
(41, 20, 269, 1468868610, 1, 49, 49, 13),
(42, 20, 268, 1468869485, 1468865954, 12, 12, 3),
(43, 20, 64, 1468869489, 1468866691, 12, 12, 3),
(44, 20, 270, 1468869489, 1468866691, 12, 12, 3),
(45, 20, 269, 1468869769, 1, 62, 62, 13),
(46, 20, 268, 1469215941, 1468865954, 14, 14, 2),
(47, 20, 64, 1469217405, 1468866691, 14, 14, 2),
(48, 20, 270, 1469217405, 1468866691, 14, 14, 2),
(49, 20, 269, 1469217420, 1, 74, 74, 12),
(50, 20, 268, 1469217528, 1468865954, 16, 16, 2),
(51, 20, 64, 1469217630, 1468866691, 16, 16, 2),
(52, 20, 270, 1469217630, 1468866000, 16, 16, 2),
(53, 20, 269, 1469217761, 1, 86, 86, 12),
(54, 20, 268, 1469217852, 1468865954, 18, 18, 2),
(55, 20, 64, 1469222536, 1468866691, 18, 18, 2),
(56, 20, 270, 1469222536, 1468866691, 18, 18, 2),
(57, 20, 269, 1469222768, 1, 98, 98, 12),
(58, 20, 268, 1469222773, 1468865954, 3, 20, 2),
(59, 20, 64, 1469484513, 1468866691, 20, 20, 2),
(60, 20, 270, 1469484513, 1468866691, 20, 20, 2),
(61, 20, 269, 1469557886, 1, 110, 110, 12),
(62, 20, 268, 1469559865, 1468865954, 5, 5, 2),
(63, 20, 64, 1469564545, 1468866691, 22, 22, 2),
(64, 20, 270, 1469564545, 1468866691, 22, 22, 2),
(65, 20, 269, 1469564552, 1, 59, 122, 12),
(66, 20, 268, 1469646187, 1468865954, 7, 7, 2),
(67, 20, 64, 1469646196, 1468866691, 24, 24, 2),
(68, 20, 270, 1469646196, 1468866691, 24, 24, 2),
(69, 20, 269, 1469646219, 1, 54, 71, 12),
(70, 20, 268, 1469647963, 1468865954, 0, 9, 2),
(71, 20, 64, 1469651006, 1468866691, 26, 26, 2),
(72, 20, 270, 1469651006, 1468866691, 0, 26, 2),
(73, 20, 269, 1469651032, 1, 48, 66, 12),
(74, 20, 268, 1469651258, 1468865954, 2, 2, 2),
(75, 20, 64, 1469732306, 1468866691, 28, 28, 2),
(76, 20, 270, 1469732306, 1468866691, 2, 2, 2),
(77, 20, 269, 1469732313, 1, 60, 60, 12),
(78, 20, 268, 1469734674, 1468865954, 0, 4, 2),
(79, 20, 64, 1469736248, 1468866691, 30, 30, 2),
(80, 20, 270, 1469736248, 1468866691, 4, 4, 2),
(81, 20, 269, 1469736261, 1, 72, 72, 12),
(82, 20, 268, 1469736279, 1468865954, 2, 2, 2),
(83, 20, 64, 1469738033, 1468866691, 32, 32, 2),
(84, 20, 270, 1469738033, 1468866691, 6, 6, 2),
(85, 20, 269, 1469738453, 1, 84, 84, 12),
(86, 20, 268, 1469739932, 1468865954, 4, 4, 2),
(87, 20, 64, 1469740044, 1468866691, 34, 34, 2),
(88, 20, 270, 1469740044, 1468866691, 8, 8, 2),
(89, 20, 269, 1469740160, 1, 96, 96, 12),
(90, 20, 268, 1469740230, 1468865954, 6, 6, 2),
(91, 20, 64, 1469740360, 1468866691, 36, 36, 2),
(92, 20, 270, 1469740360, 1468866691, 10, 10, 2),
(93, 20, 269, 1469740451, 1, 108, 108, 12),
(94, 20, 268, 1469740523, 1468865954, 0, 8, 2),
(95, 20, 64, 1469740677, 1468866691, 38, 38, 2),
(96, 20, 270, 1469740677, 1468866691, 12, 12, 2),
(97, 20, 269, 1469740683, 1, 120, 120, 12),
(98, 20, 268, 1469740762, 1468865954, 2, 2, 2),
(99, 20, 64, 1469740794, 1468866691, 40, 40, 2),
(100, 20, 270, 1469740794, 1468866691, 14, 14, 2),
(101, 20, 269, 1469811457, 1, 132, 132, 12),
(102, 20, 268, 1469819923, 1468865954, 4, 4, 2),
(103, 20, 64, 1469819937, 1468866691, 42, 42, 2),
(104, 20, 270, 1469819937, 1468866691, 16, 16, 2),
(105, 20, 269, 1469819944, 1, 119, 144, 12),
(106, 23, 64, 1469824826, 1469824826, 0, 2, 2),
(107, 23, 269, 1469825084, 1469825084, 2, 2, 2),
(108, 23, 64, 1469825124, 1469824826, 2, 2, 2),
(109, 23, 269, 1469825477, 1469825084, 4, 4, 2),
(110, 23, 64, 1469825629, 1469824826, 22, 22, 20),
(111, 23, 269, 1469825744, 1469825084, 6, 6, 2),
(112, 20, 268, 1469834749, 1468865954, 0, 6, 2),
(113, 24, 269, 1469871419, 1469871419, 0, 2, 2),
(114, 24, 64, 1469871484, 1469871484, 0, 2, 2),
(115, 24, 269, 1469871598, 1469871419, 2, 2, 2),
(116, 24, 64, 1469871629, 1469871484, 0, 2, 2),
(117, 24, 269, 1469871687, 1469871419, 0, 5, 3),
(118, 24, 64, 1469871725, 1469871484, 0, 3, 3),
(119, 24, 269, 1469871797, 1469871419, 0, 4, 4),
(120, 24, 64, 1469871860, 1469871484, 0, 4, 4),
(121, 24, 269, 1469871921, 1469871419, 0, 4, 4),
(122, 24, 64, 1469872005, 1469871484, 0, 4, 4),
(123, 24, 269, 1469872062, 1469871419, 0, 5, 5),
(124, 24, 64, 1469872138, 1469871484, 0, 4, 4),
(125, 24, 269, 1469872283, 1469871419, 0, 5, 5),
(126, 24, 64, 1469872370, 1469871484, 0, 5, 5),
(127, 24, 269, 1469872465, 1469871419, 0, 6, 6),
(128, 24, 64, 1469872539, 1469871484, 0, 7, 7),
(129, 24, 269, 1469872593, 1469871419, 0, 8, 8),
(130, 24, 64, 1469872699, 1469871484, 0, 10, 10),
(131, 24, 269, 1469872794, 1469871419, 0, 11, 11),
(132, 24, 64, 1469872863, 1469871484, 0, 12, 12),
(133, 24, 269, 1469872925, 1469871419, 0, 14, 14),
(134, 24, 64, 1469872990, 1469871484, 0, 16, 16),
(135, 24, 269, 1469873052, 1469871419, 0, 20, 20),
(136, 24, 64, 1469873129, 1469871484, 0, 19, 19),
(137, 24, 269, 1469873173, 1469871419, 0, 25, 25),
(138, 24, 64, 1469873207, 1469871484, 21, 21, 21),
(139, 25, 269, 1469873301, 1469873301, 0, 2, 2),
(140, 25, 64, 1469873359, 1469873359, 0, 2, 2),
(141, 25, 269, 1469873384, 1469873301, 0, 3, 3),
(142, 25, 64, 1469873450, 1469873359, 0, 2, 2),
(143, 25, 269, 1469873476, 1469873301, 0, 4, 4),
(144, 25, 64, 1469873501, 1469873359, 0, 3, 3),
(145, 25, 269, 1469873565, 1469873301, 0, 5, 5),
(146, 25, 64, 1469873590, 1469873359, 0, 5, 5),
(147, 25, 269, 1469873622, 1469873301, 0, 7, 7),
(148, 25, 64, 1469873659, 1469873359, 0, 7, 7),
(149, 25, 269, 1469873709, 1469873301, 0, 9, 9),
(150, 25, 64, 1469873733, 1469873359, 0, 7, 7),
(151, 25, 269, 1469873771, 1469873301, 0, 11, 11),
(152, 25, 64, 1469873820, 1469873359, 0, 9, 9),
(153, 25, 269, 1469873853, 1469873301, 0, 14, 14),
(154, 25, 64, 1469873909, 1469873359, 0, 10, 10),
(155, 25, 269, 1469873986, 1469873301, 0, 11, 11),
(156, 25, 64, 1469874010, 1469873359, 0, 17, 17),
(157, 25, 269, 1469874068, 1469873301, 0, 11, 11),
(158, 25, 64, 1469874092, 1469873359, 0, 19, 19),
(159, 25, 269, 1469874171, 1469873301, 0, 12, 12),
(160, 25, 64, 1469874232, 1469873359, 0, 24, 24),
(161, 25, 269, 1469874299, 1469873301, 0, 13, 13),
(162, 25, 64, 1469874376, 1469873359, 21, 21, 21),
(163, 26, 64, 1469874648, 1469874648, 2, 2, 2),
(164, 26, 269, 1469874780, 1469874780, 0, 2, 2),
(165, 26, 64, 1469875142, 1469874648, 0, 4, 2),
(166, 26, 269, 1469875201, 1469874780, 0, 3, 3),
(167, 26, 64, 1469875225, 1469874648, 0, 4, 4),
(168, 26, 269, 1469875263, 1469874780, 0, 4, 4),
(169, 26, 64, 1469875331, 1469874648, 0, 4, 4),
(170, 26, 269, 1469875367, 1469874780, 0, 4, 4),
(171, 26, 64, 1469875413, 1469874648, 0, 4, 4),
(172, 26, 269, 1469875470, 1469874780, 0, 6, 6),
(173, 26, 64, 1469875504, 1469874648, 0, 5, 5),
(174, 26, 269, 1469875562, 1469874780, 0, 8, 8),
(175, 26, 64, 1469875614, 1469874648, 0, 6, 6),
(176, 26, 269, 1469875654, 1469874780, 0, 9, 9),
(177, 26, 64, 1469875844, 1469874648, 0, 7, 7),
(178, 26, 269, 1469875914, 1469874780, 0, 11, 11),
(179, 26, 64, 1469875962, 1469874648, 0, 10, 10),
(180, 26, 269, 1469876001, 1469874780, 0, 14, 14),
(181, 26, 64, 1469876020, 1469874648, 0, 13, 13),
(182, 26, 269, 1469876106, 1469874780, 0, 14, 14),
(183, 26, 64, 1469876250, 1469874648, 0, 15, 15),
(184, 26, 269, 1469876313, 1469874780, 0, 14, 14),
(185, 26, 64, 1469876413, 1469874648, 0, 19, 19),
(186, 26, 269, 1469876548, 1469874780, 0, 13, 13),
(187, 26, 64, 1469876588, 1469874648, 22, 22, 22),
(188, 27, 268, 1469880065, 1469880065, 0, 2, 2),
(189, 27, 268, 1469880580, 1469880065, 2, 2, 2),
(190, 27, 268, 1469880583, 1469880065, 0, 4, 2),
(191, 27, 268, 1469881601, 1469880065, 3, 3, 3),
(192, 27, 268, 1469881603, 1469880065, 0, 6, 3),
(193, 27, 268, 1469881876, 1469880065, 4, 4, 4),
(194, 27, 268, 1469000000, 1469000000, 0, 10, 6),
(195, 28, 270, 1469880000, 1469800000, 2, 2, 2),
(196, 27, 268, 1469962979, 1469000000, 9, 9, 9),
(197, 27, 268, 1469962983, 1469000000, 18, 18, 9),
(198, 27, 268, 1469962987, 1469000000, 0, 27, 9),
(199, 27, 268, 1469963025, 1469000000, 7, 10, 10),
(200, 29, 269, 1469979192, 1469979192, 3, 3, 3),
(201, 29, 268, 1469980376, 1469980376, 0, 2, 2),
(202, 29, 269, 1469980850, 1469979192, 5, 5, 2),
(203, 29, 268, 1469980852, 1469980376, 0, 3, 3),
(204, 29, 269, 1469981254, 1469979192, 7, 7, 2),
(205, 29, 268, 1469981255, 1469980376, 0, 3, 3),
(206, 29, 269, 1469981310, 1469979192, 9, 9, 2),
(207, 29, 268, 1469981311, 1469980376, 5, 5, 5),
(208, 29, 269, 1469981313, 1469979192, 11, 11, 2),
(209, 29, 268, 1469981315, 1469980376, 0, 10, 5),
(210, 29, 269, 1469981557, 1469979192, 0, 13, 2),
(211, 29, 268, 1469982384, 1469980376, 0, 6, 6),
(212, 29, 269, 1469982445, 1469979192, 3, 3, 3),
(213, 29, 268, 1469982447, 1469980376, 0, 8, 8),
(214, 29, 269, 1469982489, 1469979192, 6, 6, 3),
(215, 29, 268, 1469982491, 1469980376, 0, 9, 9),
(216, 29, 269, 1469982595, 1469979192, 9, 9, 3),
(217, 29, 268, 1469982598, 1469980376, 0, 11, 11),
(218, 29, 269, 1469982693, 1469979192, 12, 12, 3),
(219, 29, 268, 1469982695, 1469980376, 0, 13, 13),
(220, 29, 269, 1469982841, 1469979192, 15, 15, 3),
(221, 29, 268, 1469982846, 1469980376, 0, 15, 15),
(222, 29, 269, 1469983390, 1469979192, 18, 18, 3),
(223, 29, 268, 1469983392, 1469980376, 0, 17, 17),
(224, 29, 269, 1469983621, 1469979192, 21, 21, 3),
(225, 29, 268, 1469983628, 1469980376, 20, 20, 20),
(226, 29, 269, 1469983814, 1469979192, 24, 24, 3),
(227, 29, 268, 1469983816, 1469980376, 0, 41, 21),
(228, 29, 269, 1469984078, 1469979192, 27, 27, 3),
(229, 29, 268, 1469984080, 1469980376, 0, 23, 23),
(230, 29, 269, 1469984128, 1469979192, 30, 30, 3),
(231, 29, 268, 1469984131, 1469980376, 0, 24, 24),
(232, 29, 269, 1469984424, 1469979192, 33, 33, 3),
(233, 29, 268, 1469984426, 1469980376, 15, 27, 27),
(234, 29, 269, 1469984867, 1469979192, 36, 36, 3),
(235, 29, 268, 1469984870, 1469980376, 45, 45, 30),
(236, 29, 269, 1469988341, 1469979192, 39, 39, 3),
(237, 29, 268, 1469988562, 1469980376, 0, 76, 31),
(238, 29, 269, 1470083020, 1469979192, 42, 42, 3),
(239, 29, 268, 1470083040, 1469980376, 32, 32, 32),
(240, 29, 269, 1470083163, 1469979192, 45, 45, 3),
(241, 29, 268, 1470083167, 1469980376, 0, 66, 34),
(242, 29, 269, 1470083535, 1469979192, 48, 48, 3),
(243, 29, 268, 1470083537, 1469980376, 37, 37, 37),
(244, 29, 269, 1470083650, 1469979192, 50, 50, 2),
(245, 29, 268, 1470083653, 1469980376, 77, 77, 40),
(246, 29, 269, 1470083691, 1469979192, 50, 50, 0),
(247, 29, 268, 1470083700, 1469980376, 121, 121, 44),
(248, 29, 269, 1470083706, 1469979192, 50, 50, 0),
(249, 29, 268, 1470083717, 1469980376, 165, 165, 44),
(250, 29, 269, 1470083719, 1469979192, 50, 50, 0),
(251, 29, 268, 1470083745, 1469980376, 209, 209, 44),
(252, 29, 269, 1470083749, 1469979192, 50, 50, 0),
(253, 29, 268, 1470083749, 1469980376, 253, 253, 44),
(254, 30, 268, 1470250506, 1470250506, 2, 2, 2),
(255, 30, 269, 1470250599, 1470250599, 2, 2, 2),
(256, 30, 268, 1470250613, 1470250506, 0, 4, 2),
(257, 30, 269, 1470250978, 1470250599, 0, 4, 2);

-- --------------------------------------------------------

--
-- Structure de la table `user`
--

CREATE TABLE IF NOT EXISTS `user` (
  `user_id` int(12) unsigned NOT NULL AUTO_INCREMENT,
  `user_name` varchar(256) NOT NULL,
  `user_mail` varchar(128) NOT NULL,
  `user_ip` varchar(16) NOT NULL,
  `user_registration_time` int(12) NOT NULL,
  `user_last_login` int(12) NOT NULL,
  `user_role` int(12) NOT NULL,
  `user_type` int(11) NOT NULL,
  `user_key` varchar(256) NOT NULL,
  `user_authKey` varchar(128) NOT NULL,
  `user_accessToken` varchar(128) NOT NULL,
  `user_pwd` varchar(512) NOT NULL,
  `user_pwd2` varchar(512) NOT NULL,
  PRIMARY KEY (`user_id`)
) ENGINE=MyISAM  DEFAULT CHARSET=latin1 AUTO_INCREMENT=275 ;

--
-- Contenu de la table `user`
--

INSERT INTO `user` (`user_id`, `user_name`, `user_mail`, `user_ip`, `user_registration_time`, `user_last_login`, `user_role`, `user_type`, `user_key`, `user_authKey`, `user_accessToken`, `user_pwd`, `user_pwd2`) VALUES
(67, '0jsQ/fEWB3MJ5N04p61LoEzZ1baOBnp4fKIzODyyrPg=', 'paul.bouquet@gmail.com', '0', 1438282542, 0, 0, 0, 'pBtwXN6prEBitILzNvHJGbXNq3r0gW2czVIfQWHOdDA=', '', '', 'bLwg5wJtG4CfirOoa4o5hciV1TBNrzixaJzhUENKZxVcJfS7F6fauk6Vs7MJqJGh5EabOXFqhE/MRF8vK3RqwRGVhF02uYvNcjpu0xSCHGmCk/TyUI7YgC20F/WsWfKV|N0XPWNJl27vYPJpukNABDjEpR/3zorcxnEYS7eWMNks=', 'qiTwRsCYAmF8QlkMYQuO6Hpc2i580dnup6VdIQ6WwO0U/kppVIv9gDnIjqEv0+ETsY1fwts7GeM7G+Rw7GqVkx8OI9e+yY6IsqdBV6f/TRE//a3dOdg71fN8Ab2LlEd5|EfTU0TvGHNDE54THEeGD1DmpCpy8y0h06AyOOwOZymA='),
(273, 'jnZXhf5w8ktqPDoxsQzx6BwWTuhKHXGLbPD6g5RfkaY=', 'laurent.bouquet@free.fr', '0', 1468658762, 0, 0, 0, '', '', '', '5xfjQj2Q2XI0/qLUzZ62VF75be3320GE8BHe/uBLsQqGznXsDE55piWKygJCKZAC0rddmLjpe/ky0NOCz2EPBrHVN34NvpNB8qzceDSS3S69OudHuf5g0WGpTOAVNK3M|GCk/DFjIfGMtNJKiAb5Nxui9GPpecJ8Md4RLhZ2KwvE=', '5xfjQj2Q2XI0/qLUzZ62VF75be3320GE8BHe/uBLsQqGznXsDE55piWKygJCKZAC0rddmLjpe/ky0NOCz2EPBrHVN34NvpNB8qzceDSS3S69OudHuf5g0WGpTOAVNK3M|GCk/DFjIfGMtNJKiAb5Nxui9GPpecJ8Md4RLhZ2KwvE='),
(274, 'Q9eG1w5Z4t5xR+nmZSVNObR5W00QBxPqde+1l6O1648=', 'jeanne.bouquet.jeanne@gmail.com', '0', 1468665052, 0, 0, 0, '', '', '', 'DAfmtnregNxOYq3Grr6w9w8L2ez1TwmJk6DWa/ZJQqKUMSmqDAtkiFM+VpOp8HR0bjwwU2Zd5ODzzV7YmePZpsR65GRWPZaLVdkdC5D1qaEKkk5DnVNGIgsff959bKc4|lVQmBL9lhUe5cygfH2otxDDioobuSJJ+MgzI0jPr/OE=', 'DAfmtnregNxOYq3Grr6w9w8L2ez1TwmJk6DWa/ZJQqKUMSmqDAtkiFM+VpOp8HR0bjwwU2Zd5ODzzV7YmePZpsR65GRWPZaLVdkdC5D1qaEKkk5DnVNGIgsff959bKc4|lVQmBL9lhUe5cygfH2otxDDioobuSJJ+MgzI0jPr/OE='),
(62, 'T/L2egcvYibE1tv2aHtN5FwJW5+sDi8or0SV39KmsjA=', 'testkey@gmail.com', '0', 1427224545, 0, 0, 0, 'IF6Ub+gJ+0y5y+o0SQweJRCbcp4C6er4x+ZfU8sbE0o=', '', '', 'HkUM3UAD739SI+gFpQAmaX2JCgJkpteh+eWTAP1Lq2qNv6zftlMSDBnS8HMZxNBv7VhQ3xz59EVUlahNVKFLXXMA68DCYX2AcgXbFHrU+ktFaICl6qJ4EVqi3pmqIeFq|/QvWIAzZuCadvt/06+FIVB/dAAt/dir8v3iRvFP58Ac=', 'tQeJnupeBKvEyaTrtuw609YHCXPRntFtyV3lqU09RV/uE8oMnOCqXMq3R0QYxKSog/JbxsobzeVPsA83G5tRb/xk8k/emnSwrKwUxfvGwwsELM0wT22fxQ9RovDPFA28|PXh6vkKP9wIzf4O7uMZjz8PlS3SdEulIA7kaF4Zp4qE='),
(64, 'T3JqAuV6KSQnGwjBnY6qJwLD/GTACsc8xBoeMqGeoUg=', 'jiji.bouquet@gmail.com', '0', 1437641893, 0, 0, 0, '/KrSOBVuiJ7i80XkQaljhUObLiH97qQ9O9tHBAg615Q=', '', '', '+jqUzow1f3TVuaYGrpOMabeVyT/uqd12B5bQS5DnbE9w3CqSD8okDZ/7a81QZe5XveHhZ168xCDTszQxnEMMIfeX1ogUmJ0E6GkunYkdzoT87iWGEShkiwaQOsT5eHu3|x6JyN4ClYRYtMHC1/MeSIqFlfokqVYiV1vqp7JjBPYA=', 'j5kWfJDlS58JX2F3HDSMJbhlLPbRv8FF/Lx3+9knq+Zh0AunhquIiT/nk+vwP16+Z/ewAXdkZu+2BovdNNh2OqJLG25xBDRpuUw3VMnAN2gsQG2tctOkRjZcZm8Pndy8|AOaNVB2A9Qnfcu+eZrjALdP9xoh2EcRg0twJFIRUkjc='),
(65, 'rh4g2pCEJ/GFPDmfPVwu/BDyfPWPfG/I3tSBAjbv48I=', 'XD@gmail.com', '0', 1438002056, 0, 0, 0, 'vmDvO5tVUWUNh7HkSQtq1oTtbDZ5y1K8ixKxVFdnljs=', '', '', '//5kXDCnEMSrlNgnxZ7AhriJi5F9jsYu+rRnrqmqwUlwbEXsSUCWsSR8jO5fc9Xahqi+Dcmed17UmjgWdjEHLNzXhKvZ1xi5cMG1P/F5g2BJq2ngUqj4/PuQrS739eWa|/JE39DMfBBkk4KT3ExKcjRRJQ0ihyj32HP/b1QEWMe4=', 'pRI25u/RmCjdyZhunmiYsaY/p1oTluvzlFPlhumrvHu2utg3fI6en18rlyiiC9wxNHn0rmztktZpKJefR3NoCorEu5UH7kigVQcyzKy4ENyr1jWlZIJiSEqXlhQ4xQu2|/Byr38Ilpi/S5mokXnSbjHOcqygRQUaf5pNHY2pAop8='),
(259, 'RWHt/feig9eZvgWgnorXplUHz4RdJj6JdRYNsF9s9fw=', 'test12@gmail.com', '0', 1467750405, 0, 0, 0, '', '', '', 'Tlj/FsEwau5hQ3AA6Vj8DXe2jzhAbh4AQGOIaFFbSNYj0f7YUqPtM+Q392ks3b6nX3wYvfV+8E7ic5/rcViWgXjQofhaRfRYGk4Ep4DnMk8fftQftZvIs4DnUI0rzVj/|D5kkNA+b7WBF6QFhQoke+bYBm7Oa7zo/8b5YVx+hhVk=', 'Tlj/FsEwau5hQ3AA6Vj8DXe2jzhAbh4AQGOIaFFbSNYj0f7YUqPtM+Q392ks3b6nX3wYvfV+8E7ic5/rcViWgXjQofhaRfRYGk4Ep4DnMk8fftQftZvIs4DnUI0rzVj/|D5kkNA+b7WBF6QFhQoke+bYBm7Oa7zo/8b5YVx+hhVk='),
(68, 'QoZM3MSEU1tScebYXo04IMeMVo+jHOs03DXlBvY51cI=', 'anastasia.daniel22@gmail.com', '0', 1438715396, 0, 0, 0, 'BRK4AVmdk1Bcl45cBEZRniRH+69Wyn5hX6Lnv/Zg5cI=', '', '', 'qD/svKSjwbrYUyUk34PuEZPKqAi1x4OuaaTKDqGD/JE3GBaJijy9AL/mesP5nzprdryf4bse+2Oa/+r6BsAqn2QdzXVN/VjB9OtVmddQUIg43modGkqnSr5Gb16+5T0F|ZiWhxYmeFuq/aeWbujSFqY27dUDKpbe6JbCBQ7ypzCw=', 'TTV/DSyIt07/oOaHM0QOIIWupkRtUWAhpm12EvYVIlUMl7dTXmg/VzdWgTGlrpChqUmVVMgo07JZbLmz8AV3W89aE9hwJOmIyoIq18FKIet/6y9Yjs/dQRxAQD5zaaOF|FKXcqA/9MV55cq0+gdgbap7H5/H07jfjTgdd4bO/7Mk='),
(69, 'YSZP7lWfwr4mjoouewQayBdnmNmpKdXD1ve5AuEsbGY=', 'boss@gmail.com', '0', 1438790733, 0, 0, 0, 'xegquLxagIlq9axZeqlcEOXDUGnRBorBYTvolh95isc=', '', '', 'IoJ2lj3T1uQJljWWgYxRvIqM6DdWDCGyACH2bdcYBKrwgnVISzPELxUmuH5cATzKUMhhufoKxHSl/Ew8/6R0PnsnIvB8Mg/hRR7+L3ijgfeIWdM1oLhyqo7Tw2UgoQZG|3knicdHH4gQ1CFrnWoLBmv3VtXyvYEhAnJw1Pb8jY3g=', 'Ot2Ga0dn0NuY+JMwiagyMQKLqGlz8U2WH7q+rz0gVaFMuqTiugyv633PjviZtOAvQ2aEhsbyJaY3LHLFYE7UV0UCJFreglZmAMSGQ70V2I29mv6b3DkVuSmM6IBjSgvm|Lh1seByM+eXeX60IWjvRzIwFXuvWqZvDngFwLjGfZPs='),
(77, 'Wd4rxumIUWCEfk3Xelnyk0Y0EjA8cLXGu5E1PFgYqrs=', 'test13@test.fr', '0', 1439572014, 0, 0, 1, 'YBBdITkrFDKiBTqeVod1Z0JbMfdDbxnDISixQy7JamY=', '', '', 'IeEBl+QxoTSmIsjCWAj/du/27IIMxtbS9R/MbiM4gxoROFHdkaK3HPjayASCXKt9s9v4sOKoMJ6TaQ9YSo57UlPYw3S3mQX//QKb/QwBFQQkIwz1mdBAH9kS1SBoq9Ee|JmhPuCIRHTq1WHfQIWdE77XuKVzQzUkqfJTburHB6z0=', 'MMYZ6nVQ1P488qXQTtn9k+oGVgofanFwXbNXP4yXVKU0mWQY5FC0ro5KEf8bE/fyCczDKX9+U3V1b2S2WrbWwnh8yWDYnYelobg4bCDljOHOjuxK3i8Mtran3Zt08/Dr|YX9NBbUSKnxfT7JZxTvg3nveOFdX0cERol6c7Ggy5G8='),
(212, 'RWHt/feig9eZvgWgnorXplUHz4RdJj6JdRYNsF9s9fw=', 'test12@gmail.com', '0', 1440506249, 0, 0, 1, 'joKR/yJUQnAbxaXvCfoRNzaZlCH7eA27XxqlUm29xPM=', '', '', '9FonM7baJlN+ThJHf7wF4m+rrhzV1nIG7dv0apmIhTMld7ptxvZokunE0NL4IRAltV9Z1EfqRFfPkyUj0omp/P6Rv/3TgoR0Zh0MBHZNec2QQcgvj9O0bHXn+i3YT4pj|kz9Eng/DGMfjNCNlPOKw180SBArTpVaA98blnCIPNEo=', 'HXaYWhfvkxtxbbDhkKjBddPmyBO9f7XA3kF47mjgnU21D02Gi/S+k60ANSfFP2nFS3rcmuIo3MhCzhNUsusf4N+HiT6YsCCnuGg5BXo92oIn1ThjdswS1Mo3H2vFRBGY|ce6VR+2aC+klvfHuoc/UYs06hko51cKF2ikVOKN2wJo='),
(243, '+gPVVg77ZiD0DtDtYNvkMCuFp73h4CG9Ya2/NwCBSM8=', 'valee27@gmail.com', '0', 1441723334, 0, 0, 1, 'ELlD4XLRLOj5FP07NyPMRPKcDWNrgq9xuvLbXxOvTLI=', '', '', '0bEiMb4LWNoA1de1CbOOSzhjADu9Sk9HKBebgR8DBRS0/BE8ktUVyH+Ob8NfZwIaYkBw5Dxszd3pHkkzKJ2bH5nCHXMP9uUZB/EQjfg+qtBQjfDSIMzgJIVqr+KU91Aj|0YtLYXlFAgTJzd51SIin3kRVhFb8fJSPdnEV/Zo5Jr0=', 'XQqxcPGcRs8LyEUw6IIZUauDs1Jm+d75kh2M+SGTZe1t9eGaOuQfGEQJjsiYwDAegjbhtyPrTcKp928+/GvZO7mXOA4auIWnliCa4C7TLPcBwHcx+jaa8wXhuDpv+yda|F0hHbxrwaafDtArvhJJx+QbL9N1hvJmrk2Hyr2CqzBs='),
(269, '5dj3o1sP8Vrc7kGYMkqJH9i94N/TOjjHd/+sICahl18=', 'test47@gmail.com', '0', 1468000870, 0, 0, 0, '', '', '', 'oaYabnGbXxPt4qQmU5jl9Tfy2Z+8rIJRJmrE/nvx7JzzdveZFC6ruqIzxMK1rhZ7r9WRFkaJVpndxh9SGXh0sHZx9jQhCPvcglvchg/sOLL3BRdlxBP7cgnGccwBscGY|9o4TfFWqSMad5TudEZCP4WccTy2k9pc9nsyf96HAu0w=', 'oaYabnGbXxPt4qQmU5jl9Tfy2Z+8rIJRJmrE/nvx7JzzdveZFC6ruqIzxMK1rhZ7r9WRFkaJVpndxh9SGXh0sHZx9jQhCPvcglvchg/sOLL3BRdlxBP7cgnGccwBscGY|9o4TfFWqSMad5TudEZCP4WccTy2k9pc9nsyf96HAu0w='),
(268, 'd13Xeyophow89lQADX3zT4gOqLBnOqJFRVaRXTEVFhs=', 'test46@gmail.com', '0', 1467756751, 0, 0, 0, '', '', '', '6tXHaeUHBP/wAXSv2VacNVsoQ0K3xyDzlnh9p3XCHS5sLqf0sLdyHHkg5PsyVts2UR1mis99l0ctpUe9/fZL/cwbDktYI8R5gPshlPeSiO/4XcE0E29a3lUsxrr3TXrI|PnUGv0CHmbF1b0XYet8/DK4FbcyaAWYc/B6/PmVdIA8=', '6tXHaeUHBP/wAXSv2VacNVsoQ0K3xyDzlnh9p3XCHS5sLqf0sLdyHHkg5PsyVts2UR1mis99l0ctpUe9/fZL/cwbDktYI8R5gPshlPeSiO/4XcE0E29a3lUsxrr3TXrI|PnUGv0CHmbF1b0XYet8/DK4FbcyaAWYc/B6/PmVdIA8='),
(270, 'jk7yBw8LEkX7HYtDha8eCqHOIL7/nPDyHaPatB8botY=', 'test48@gds.fr', '0', 1468338897, 0, 0, 0, '', '', '', 'q4ZIwDO/pglyj1ENrVPlcEHxnyeK6kEhSzJ39DzZBK9sSbU3cHjH7SGUXZcAV6/JNzhlU32UrOpmN4YpRCgVDet8IuL21DngU985aD2smkD6PTgHtxjBMIs+Qd73wBec|Nu09GohL0GhQz4j28UHTA3h3aq/9h5hAJAISp1jXjH4=', 'q4ZIwDO/pglyj1ENrVPlcEHxnyeK6kEhSzJ39DzZBK9sSbU3cHjH7SGUXZcAV6/JNzhlU32UrOpmN4YpRCgVDet8IuL21DngU985aD2smkD6PTgHtxjBMIs+Qd73wBec|Nu09GohL0GhQz4j28UHTA3h3aq/9h5hAJAISp1jXjH4='),
(271, 'XY+q+f3Jz39mr3dQofYJZd/5ktMau5nkwlkw/UZv2nc=', 'test49@ezfd.gr', '0', 1468579527, 0, 0, 0, '', '', '', '5oR9Mwb2qPP8cyax2p8TTiUxiGU+PSlLjpScFinuoCKTmQRSL5YmU9xrVNhdRN5Un225+s1xtMOMNuP9KGTqW2CYTlxuP0QYemhP6A3gDTFNrCOHzfZt26XAQJlAtGOb|dThvbH9Nn4uyofo+LmCGa4+FzbI6Kw0zpmKPq7h3p0I=', '5oR9Mwb2qPP8cyax2p8TTiUxiGU+PSlLjpScFinuoCKTmQRSL5YmU9xrVNhdRN5Un225+s1xtMOMNuP9KGTqW2CYTlxuP0QYemhP6A3gDTFNrCOHzfZt26XAQJlAtGOb|dThvbH9Nn4uyofo+LmCGa4+FzbI6Kw0zpmKPq7h3p0I=');

-- --------------------------------------------------------

--
-- Structure de la table `version`
--

CREATE TABLE IF NOT EXISTS `version` (
  `version_id` int(16) unsigned NOT NULL AUTO_INCREMENT,
  `version_name` varchar(32) NOT NULL,
  `version_time` int(16) NOT NULL,
  PRIMARY KEY (`version_id`)
) ENGINE=InnoDB  DEFAULT CHARSET=latin1 AUTO_INCREMENT=4 ;

--
-- Contenu de la table `version`
--

INSERT INTO `version` (`version_id`, `version_name`, `version_time`) VALUES
(1, '1.1.56', 0),
(2, '1.2.20', 0),
(3, '1.2.45', 0);

/*!40101 SET CHARACTER_SET_CLIENT=@OLD_CHARACTER_SET_CLIENT */;
/*!40101 SET CHARACTER_SET_RESULTS=@OLD_CHARACTER_SET_RESULTS */;
/*!40101 SET COLLATION_CONNECTION=@OLD_COLLATION_CONNECTION */;
